hour,indoor_temp,cooling_setpoint,outdoor_temp,elec_price,solar_generation,dhw_storage_soc,dhw_demand,cooling_device,dhw_storage,electrical_storage,reward
1,23.098651885986328,23.222221,24.66,0.028929999098181725,0.0,0.0,0.055682074,0.0,0.6,0.35,-0.12356948852539062
2,22.234743118286133,22.222221,24.07,0.028929999098181725,0.0,0.0,0.15933841,0.0,0.6,0.35,0.0
3,22.223060607910156,22.222221,23.9,0.028929999098181725,0.0,0.0,0.057004254,0.0,0.6,0.35,0.0
4,22.22224998474121,22.222221,23.87,0.028929999098181725,0.0,0.0,0.0,0.0,0.6,0.35,0.0
5,22.22223663330078,22.222221,23.83,0.028929999098181725,0.0,0.0,0.0,0.0,0.6,0.35,0.0
6,22.22223663330078,22.222221,23.85,0.028929999098181725,0.0,0.0,0.33483398,0.0,0.0,0.35,0.0
7,22.222230911254883,22.222221,24.98,0.028929999098181725,0.0607952362060547,0.0,0.9058187,0.0,-0.05,0.35,0.0
8,22.332555770874023,22.333334,26.94,0.02914999984204769,0.2191260864257813,0.0,0.0,0.0,0.0,-0.6,-0.0007781982421875
9,22.77179718017578,22.777779,29.3,0.02914999984204769,0.5327400512695314,0.0,3.3150163,0.3,-0.05,-0.5,-0.0059814453125
10,23.266788482666016,23.333334,31.66,0.02914999984204769,0.9639457763671876,0.0,0.21539555,0.3,0.85,-0.35,-0.06654548645019531
11,24.406890869140625,24.444445,33.87,0.02914999984204769,1.355784814453125,0.0,0.0,0.3,0.85,0.9,-0.03755378723144531
12,24.444318771362305,24.444445,35.9,0.02914999984204769,1.6054357910156252,0.0,1.6562988,0.3,0.85,0.9,-0.000125885009765625
13,24.44445037841797,24.444445,37.51,0.02914999984204769,1.6411171875000001,0.0,0.2264962,0.3,0.85,0.9,0.0
14,24.4444522857666,24.444445,38.69,0.02914999984204769,1.6491804199218751,0.0,0.0,0.3,0.85,0.9,0.0
15,24.4444580078125,24.444445,39.3,0.02914999984204769,1.54800966796875,0.0,0.22648923,0.3,0.85,0.9,-1.5237051845506357
16,24.444454193115234,24.444445,39.53,0.05866999924182892,1.3278533203125003,0.0,1.0209699,0.3,0.85,0.7,-3.210566116045811
17,23.58162498474121,23.555555,39.16,0.05866999924182892,1.0113387451171876,0.0,0.4529948,0.3,0.6,0.7,-8.640978979852662
18,25.53244972229004,25.555555,38.12,0.05866999924182892,0.5935589355468751,0.0,0.0,0.3,0.0,-0.65,-1.3417923763663566
19,26.459463119506836,26.5,36.11,0.02914999984204769,0.16157204589843752,0.0,0.0,0.15,0.0,-0.6,-2.0413675485760905
20,24.512662887573242,24.444445,32.61,0.02914999984204769,0.0,0.0,0.45299163,0.15,0.0,-0.6,-9.988962508363329
21,21.815444946289062,21.666666,31.19,0.02914999984204769,0.0,0.0,0.0,0.15,0.0,-0.6,-32.760933272133116
22,24.361370086669922,24.444445,29.6,0.02914999984204769,0.0,0.0,0.4529954,0.15,0.0,0.35,-6.0502911687981396
23,22.88100814819336,22.833334,28.04,0.028929999098181725,0.0,0.0,0.0,0.15,0.6,0.35,-13.154083358273056
24,20.81880760192871,20.722221,26.8,0.028929999098181725,0.0,0.0,0.0,0.15,0.6,0.35,-26.768990884014784
1,20.55874252319336,20.555555,25.85,0.028929999098181725,0.0,0.0,0.0,0.15,0.6,0.35,-21.987732849989698
2,21.59804344177246,21.666666,25.19,0.028929999098181725,0.0,0.0,0.0,0.0,0.6,0.35,-29.55116253928645
3,22.219463348388672,22.222221,24.85,0.028929999098181725,0.0,0.0,0.0,0.0,0.6,0.35,-27.262194091512356
4,22.222187042236328,22.222221,24.76,0.028929999098181725,0.0,0.0,0.0,0.0,0.6,0.35,-29.85626247950131
5,22.222230911254883,22.222221,24.75,0.028929999098181725,0.0,0.0,0.0,0.0,0.6,0.35,-31.40725411567837
6,22.222021102905273,22.222221,24.69,0.028929999098181725,0.0,0.0,0.0,0.0,0.0,0.35,-32.125696778530255
7,22.222225189208984,22.222221,25.41,0.028929999098181725,0.07059253692626954,0.0,0.0,0.0,0.0,0.35,-34.42760459672718
8,22.331993103027344,22.333334,27.01,0.028929999098181725,0.3245435302734376,0.0,0.0,0.0,0.0,-0.5,-37.554304073859385
9,24.259183883666992,24.444445,29.38,0.028929999098181725,0.7166712158203126,0.0,0.0,0.15,0.0,-0.35,-4.342561598299653
10,24.444231033325195,24.444445,32.06,0.028929999098181725,1.1185552734375002,0.0,0.225318,0.3,0.85,-0.35,0.0
11,24.444448471069336,24.444445,34.51,0.028929999098181725,1.3996609863281253,0.0,0.0,0.3,0.85,0.9,0.0
12,24.444448471069336,24.444445,36.64,0.028929999098181725,1.5573007324218753,0.0,0.20422593,0.3,0.85,0.9,-1.8334453777097224
13,24.44445037841797,24.444445,38.33,0.028929999098181725,1.6112841796875002,0.0,0.12140638,0.3,0.85,0.9,-3.458431638577167
14,24.444454193115234,24.444445,39.51,0.028929999098181725,1.6142770019531252,0.0,0.13954163,0.3,0.85,0.9,-6.087881938150531
15,24.444456100463867,24.444445,40.18,0.028929999098181725,1.5182359863281252,0.0,0.52377975,0.3,0.85,0.9,-8.506351057440042
16,24.590377807617188,24.61111,40.32,0.028929999098181725,1.3000394531250001,0.0,0.22531508,0.3,0.85,0.9,-8.909226627089083
17,24.983442306518555,25.0,39.76,0.028929999098181725,0.9864368408203127,0.0,0.0,0.3,0.6,0.9,-7.4236521505554265
18,24.51955795288086,24.5,38.66,0.028929999098181725,0.5793698364257814,0.0,0.0,0.3,0.0,-0.5,-10.190626066410914
19,24.445270538330078,24.444445,36.54,0.028929999098181725,0.1595465515136719,0.0,0.67595136,0.15,-0.05,-0.6,-19.28805737744915
20,24.4444580078125,24.444445,32.42,0.028929999098181725,0.0,0.0,0.22531796,0.15,0.0,-0.6,-14.359524212432007
21,24.44445037841797,24.444445,31.33,0.028929999098181725,0.0,0.0,1.6547514,0.15,-0.05,-0.6,-12.492893359452864
22,22.099010467529297,22.0,30.82,0.028929999098181725,0.0,0.0,0.0,0.15,0.0,0.35,-32.999073912538734
23,20.35350227355957,20.0,29.33,0.028929999098181725,0.0,0.0,0.0,0.15,0.6,0.35,-52.18858696729876
24,20.01495933532715,20.0,27.83,0.028929999098181725,0.0,0.0,0.0,0.15,0.6,0.35,-43.007871742160205
1,20.00324249267578,20.0,26.69,0.028929999098181725,0.0,0.0,0.0,0.15,0.6,0.35,-33.094685754364036
2,20.000890731811523,20.0,25.99,0.028929999098181725,0.0,0.0,0.0,0.15,0.6,0.35,-25.16254056064645
3,20.000518798828125,20.0,25.54,0.028929999098181725,0.0,0.0,0.0,0.15,0.6,0.35,-18.947784319519997
4,20.000192642211914,20.0,25.23,0.028929999098181725,0.0,0.0,0.0,0.15,0.6,0.35,-13.98689921532059
5,20.000080108642578,20.0,25.04,0.028929999098181725,0.0,0.0,0.0,0.15,0.6,0.35,-10.821671391735435
6,19.999914169311523,20.0,24.9,0.028929999098181725,0.0,0.0,0.0,0.0,0.0,0.35,-25.55873625964159
7,20.000009536743164,20.0,25.33,0.028929999098181725,0.07919688720703126,0.0,0.0,0.15,0.0,0.35,-6.963072427548468
8,20.000009536743164,20.0,26.38,0.028929999098181725,0.3122242309570313,0.0,0.4482977,0.15,0.0,-0.5,-8.604472791907028
9,20.00000762939453,20.0,28.36,0.028929999098181725,0.6281736328125,0.0,0.0,0.3,0.0,-0.35,-2.1246078308322467
10,22.32158851623535,22.444445,30.53,0.028929999098181725,0.9410374511718751,0.0,0.0,0.3,0.85,-0.35,-0.3693962097167969
11,22.769943237304688,22.777779,32.62,0.028929999098181725,1.287919775390625,0.0,0.0,0.3,0.85,0.9,-0.20034217834472656
12,24.340084075927734,24.444445,32.22,0.028929999098181725,1.4892559570312502,0.0,0.0,0.3,0.85,0.9,-4.093806055893847
13,24.44430160522461,24.444445,31.18,0.028929999098181725,1.536821484375,0.0,0.0,0.3,0.85,0.9,-4.551516837549982
14,24.444448471069336,24.444445,31.74,0.028929999098181725,1.4535227050781252,0.0,0.22415218,0.3,0.85,0.9,-3.4347656473411647
15,24.39145278930664,24.38889,31.79,0.028929999098181725,1.3038498046875002,0.0,0.16414416,0.3,0.85,0.9,-2.639580365718078
16,23.584304809570312,23.555555,31.57,0.028929999098181725,0.936527197265625,0.0,0.05994774,0.3,0.85,0.9,-0.6102085113525391
17,22.246484756469727,22.222221,31.08,0.028929999098181725,0.6395512207031251,0.0,1.0041308,0.3,0.6,0.9,0.0
18,22.554698944091797,22.555555,30.12,0.028929999098181725,0.35781767578125007,0.0,0.0,0.15,0.0,-0.5,-2.1790147050669475
19,24.380111694335938,24.444445,28.69,0.028929999098181725,0.11470355529785158,0.0,0.44830364,0.0,0.0,-0.6,-1.8340755963035917
20,24.4444580078125,24.444445,26.94,0.028929999098181725,0.0,0.0,0.22407809,0.0,0.0,-0.6,-3.1108412443754787
21,24.44445037841797,24.444445,26.31,0.028929999098181725,0.0,0.0,0.0,0.0,0.0,-0.6,-4.137382630728098
22,22.320205688476562,22.222221,25.89,0.028929999098181725,0.0,0.0,0.0,0.0,0.0,0.35,-19.937963728094473
23,24.32600212097168,24.444445,25.39,0.028929999098181725,0.0,0.0,0.0,0.0,0.6,0.35,-4.795266956647538
24,24.444320678710938,24.444445,24.88,0.028929999098181725,0.0,0.0,0.4483018,0.0,0.6,0.35,-4.784413604942529
1,23.268932342529297,23.222221,24.76,0.028929999098181725,0.0,0.0,0.0,0.0,0.6,0.35,-11.81496386161598
2,23.553041458129883,23.555555,24.63,0.028929999098181725,0.0,0.0,0.0,0.0,0.6,0.35,-9.358624705873808
3,23.807456970214844,23.833334,24.46,0.028929999098181725,0.0,0.0,0.0,0.0,0.6,0.35,-7.6027211458167585
4,24.09328842163086,24.11111,24.24,0.028929999098181725,0.0,0.0,0.0,0.0,0.6,0.35,-6.105976284379722
5,24.442474365234375,24.444445,23.72,0.028929999098181725,0.0,0.0,0.0,0.0,0.6,0.35,-4.49053872641889
6,24.764493942260742,24.777779,23.38,0.028929999098181725,0.0,0.0,0.0,0.0,0.0,0.35,-2.815624700873741
7,24.856143951416016,25.055555,23.76,0.028929999098181725,0.048697155761718756,0.0,0.0,0.0,0.0,0.35,-1.9912043038093543
8,23.36336898803711,23.333334,24.94,0.02914999984204769,0.18730228271484378,0.0,0.22300103,0.0,0.0,-0.6,-10.565810462900117
9,23.86579704284668,23.88889,26.74,0.02914999984204769,0.3072218994140625,0.0,0.0,0.0,0.0,-0.5,-8.424529280106071
10,23.888803482055664,23.88889,28.26,0.02914999984204769,0.6465506103515626,0.0,0.0,0.15,0.85,-0.35,0.0
11,25.463703155517578,25.666666,29.16,0.02914999984204769,0.7704608642578127,0.0,0.4460013,0.15,0.85,0.9,-0.9218044281005859
12,24.444374084472656,24.444445,29.61,0.02914999984204769,0.7496553222656251,0.0,0.0,0.3,0.85,0.9,-3.0872051311650295
13,24.44445037841797,24.444445,29.72,0.02914999984204769,0.9374143798828127,0.0,0.0,0.3,0.85,0.9,-2.989382067489531
14,25.74015235900879,25.833334,29.77,0.02914999984204769,0.9142858886718751,0.0,0.0,0.15,0.85,0.9,-5.206571434428209
15,25.008886337280273,25.0,29.63,0.02914999984204769,0.9759968261718751,0.0,0.0,0.15,0.85,0.9,-0.6700820922851562
16,25.819984436035156,25.833334,29.52,0.05866999924182892,1.0368940429687503,0.0,0.0,0.15,0.85,0.7,-2.0345819239966225
17,24.517105102539062,24.444445,29.58,0.05866999924182892,0.8320810546875002,0.0,0.0,0.3,0.6,0.7,-2.8023442293881584
18,24.44514274597168,24.444445,29.77,0.05866999924182892,0.49167952880859384,0.0,0.89199346,0.3,-0.05,-0.65,-3.0104964766007454
19,24.4444522857666,24.444445,29.11,0.02914999984204769,0.15018131103515628,0.0,0.0,0.0,0.0,-0.6,-1.1966020073487016
20,24.44445037841797,24.444445,27.63,0.02914999984204769,0.0,0.0,0.0,0.0,0.0,-0.6,-2.8149078351125354
21,24.44445037841797,24.444445,26.01,0.02914999984204769,0.0,0.0,0.0,0.0,0.0,-0.6,-3.609534698221978
22,24.44445037841797,24.444445,25.2,0.02914999984204769,0.0,0.0,0.0,0.0,0.0,0.35,-4.053822116289666
23,24.44445037841797,24.444445,24.8,0.028929999098181725,0.0,0.0,0.22300074,0.0,0.6,0.35,-4.289250769685168
24,22.326231002807617,22.222221,24.42,0.028929999098181725,0.0,0.0,0.0,0.0,0.6,0.35,-18.809865872844966
1,23.221450805664062,23.222221,23.87,0.028929999098181725,0.0,0.0,0.0,0.0,0.6,0.35,-10.608620334474836
2,22.274980545043945,22.222221,23.24,0.028929999098181725,0.0,0.0,0.0,0.0,0.6,0.35,-17.246409926974593
3,22.2275390625,22.222221,22.79,0.028929999098181725,0.0,0.0,0.0,0.0,0.6,0.35,-16.611818662146106
4,22.222787857055664,22.222221,22.42,0.028929999098181725,0.0,0.0,0.0,0.0,0.6,0.35,-15.94196251617177
5,22.22226905822754,22.222221,22.17,0.028929999098181725,0.0,0.0,0.8508168,0.0,0.6,0.35,-15.400184406058543
6,22.22223663330078,22.222221,22.22,0.028929999098181725,0.0,0.0,0.0,0.0,0.0,0.35,-15.012062760888512
7,22.222230911254883,22.222221,23.54,0.028929999098181725,0.07523090057373048,0.0,0.69978595,0.0,-0.05,0.35,-15.847168471897021
8,22.332090377807617,22.333334,25.55,0.02914999984204769,0.31403459472656253,0.0,1.2381117,0.0,-0.05,-0.5,-17.263428408627078
9,22.77596664428711,22.777779,27.75,0.02914999984204769,0.7650606445312501,0.0,0.58958054,0.15,0.0,-0.35,-2.321164021792356
10,23.331836700439453,23.333334,30.04,0.02914999984204769,1.1327716552734377,0.0,0.22186515,0.3,0.85,-0.35,-0.3826580047607422
11,23.881792068481445,23.88889,32.26,0.02914999984204769,1.4147383300781253,0.0,0.0,0.3,0.85,0.9,-0.7295684814453125
12,24.438133239746094,24.444445,34.12,0.02914999984204769,1.561881005859375,0.0,0.22186516,0.3,0.85,0.9,-0.9581775665283203
13,24.44442367553711,24.444445,35.51,0.02914999984204769,1.6060976074218751,0.0,0.22186516,0.3,0.85,0.9,-0.52935791015625
14,24.44445037841797,24.444445,36.45,0.02914999984204769,1.6024860351562502,0.0,0.44372776,0.3,0.85,0.9,-0.06311225891113281
15,24.444456100463867,24.444445,36.9,0.02914999984204769,1.4884321289062503,0.0,0.22186197,0.3,0.85,0.9,0.0
16,24.444454193115234,24.444445,37.01,0.05866999924182892,1.22652451171875,0.0,0.22186217,0.3,0.85,0.7,0.0
17,24.390066146850586,24.38889,36.62,0.05866999924182892,0.9555424072265627,0.0,0.0,0.3,0.6,0.7,0.0
18,24.388906478881836,24.38889,35.69,0.05866999924182892,0.6258523681640625,0.0,0.0,0.3,0.0,-0.5,-1.2544146973086754
19,24.388893127441406,24.38889,33.94,0.02914999984204769,0.17786431274414063,0.0,0.0,0.15,0.0,-0.6,-5.450760022737086
20,24.388893127441406,24.38889,29.92,0.02914999984204769,0.0,0.0,0.22186515,0.15,0.0,-0.6,-2.7609339507762343
21,24.38889503479004,24.38889,28.61,0.02914999984204769,0.0,0.0,0.0,0.0,0.0,-0.6,-10.136265034103417
22,24.333984375,24.333334,27.93,0.02914999984204769,0.0,0.0,0.0,0.0,0.0,0.35,-12.778857635566965
23,24.333358764648438,24.333334,27.38,0.028929999098181725,0.0,0.0,0.22186461,0.0,0.6,0.35,-14.639780961591896
24,24.333343505859375,24.333334,26.58,0.028929999098181725,0.0,0.0,0.22186296,0.0,0.6,0.35,-15.41162364214324
1,24.333324432373047,24.333334,25.33,0.028929999098181725,0.0,0.0,0.0,0.0,0.6,0.35,-15.77864871806014
2,24.44107437133789,24.444445,24.46,0.028929999098181725,0.0,0.0,0.0,0.0,0.6,0.35,-14.906393587330967
3,22.31810188293457,22.222221,23.84,0.028929999098181725,0.0,0.0,0.0,0.0,0.6,0.35,-37.1904374473379
4,22.223222732543945,22.222221,23.41,0.028929999098181725,0.0,0.0,0.0,0.0,0.6,0.35,-36.72125874093035
5,22.222347259521484,22.222221,23.08,0.028929999098181725,0.0,0.0,0.0,0.0,0.6,0.35,-35.89940813581052
6,22.22223663330078,22.222221,23.21,0.028929999098181725,0.0,0.0,0.060060747,0.0,0.0,0.35,-35.586005461460445
7,22.222230911254883,22.222221,24.63,0.028929999098181725,0.09146659240722657,0.0,0.5508831,0.0,0.0,0.35,-36.937946297752205
8,22.222230911254883,22.222221,26.79,0.02914999984204769,0.3481504028320313,0.0,0.0,0.0,0.0,-0.5,-42.00994925969644
9,22.22222900390625,22.222221,28.81,0.02914999984204769,0.7210659667968752,0.0,0.0,0.3,0.0,-0.35,-1.9001307462021941
10,22.771745681762695,22.777779,30.8,0.02914999984204769,1.1345611816406251,0.0,4.565351,0.3,0.85,-0.35,-1.5074141251388937
11,23.874990463256836,23.88889,32.67,0.02914999984204769,1.4136679687500002,0.0,0.12512247,0.3,0.85,0.9,0.0
12,24.43617820739746,24.444445,34.21,0.02914999984204769,1.5615840820312503,0.0,0.0,0.3,0.85,0.9,0.0
13,24.444419860839844,24.444445,35.35,0.02914999984204769,1.5934835449218752,0.0,0.0,0.3,0.85,0.9,0.0
14,25.21987533569336,25.222221,36.21,0.02914999984204769,1.6040393554687502,0.0,0.0,0.3,0.85,0.9,-0.22342300415039062
15,25.00603675842285,25.0,36.76,0.02914999984204769,1.515367822265625,0.0,0.44102612,0.3,0.85,0.9,0.0
16,27.09808349609375,27.222221,36.87,0.05866999924182892,1.3005974121093753,0.0,0.0,0.3,0.85,0.7,-3.4434092252373025
17,27.218833923339844,27.222221,36.41,0.05866999924182892,1.0027697021484376,0.0,0.0,0.3,0.6,0.7,-2.160740586028376
18,27.222183227539062,27.222221,35.44,0.05866999924182892,0.5970240966796876,0.0,1.7684238,0.3,-0.05,-0.65,-1.7587700863364912
19,26.66942596435547,26.666666,33.2,0.02914999984204769,0.1754087585449219,0.0,0.4414877,0.15,0.0,-0.6,0.0
20,25.677583694458008,25.666666,29.93,0.02914999984204769,0.00011676797568798067,0.0,0.0946307,0.0,0.0,-0.6,-8.540240591424663
21,25.777297973632812,25.777779,28.88,0.02914999984204769,0.0,0.0,0.2207441,0.0,0.0,-0.6,-10.11264455714263
22,24.473604202270508,24.444445,28.39,0.02914999984204769,0.0,0.0,0.22074401,0.0,0.0,0.35,-24.60331274953569
23,24.444917678833008,24.444445,27.54,0.028929999098181725,0.0,0.0,0.0,0.0,0.6,0.35,-26.872669647858856
24,24.44448471069336,24.444445,26.68,0.028929999098181725,0.0,0.0,0.0,0.0,0.6,0.35,-28.364957680783846
1,23.301612854003906,23.222221,25.88,0.028929999098181725,0.0,0.0,0.0,0.0,0.6,0.35,-45.51739855692722
2,22.262651443481445,22.222221,25.13,0.028929999098181725,0.0,0.0,0.21963827,0.0,0.6,0.35,-61.54835361614823
3,22.22332000732422,22.222221,24.47,0.028929999098181725,0.0,0.0,0.0,0.0,0.6,0.35,-60.80202710618323
4,22.22236442565918,22.222221,23.69,0.028929999098181725,0.0,0.0,0.0,0.0,0.6,0.35,-58.98117422511859
5,22.2222843170166,22.222221,22.93,0.028929999098181725,0.0,0.0,0.0,0.0,0.6,0.35,-56.828145766688976
6,22.222261428833008,22.222221,22.9,0.028929999098181725,0.0,0.0,0.0,0.0,0.0,0.35,-55.697298690341995
7,22.222230911254883,22.222221,24.56,0.028929999098181725,0.07331229858398439,0.0,0.86614853,0.0,-0.05,0.35,-59.135668189264834
8,22.332048416137695,22.333334,26.64,0.02914999984204769,0.2972124389648438,0.0,0.21963851,0.0,0.0,-0.6,-64.28048853276778
9,22.77483558654785,22.777779,28.76,0.02914999984204769,0.7051335937500002,0.0,1.5910743,0.3,-0.05,-0.35,-1.941633196605835
10,23.328283309936523,23.333334,30.85,0.02914999984204769,1.0174744628906252,0.0,0.0,0.3,0.85,-0.35,-1.1432509238366038
11,23.88870620727539,23.88889,32.8,0.02914999984204769,1.292485986328125,0.0,0.07174697,0.3,0.85,0.9,0.0
12,24.443252563476562,24.444445,34.44,0.02914999984204769,1.5485898925781252,0.0,0.6846405,0.3,0.85,0.9,0.0
13,24.44443702697754,24.444445,35.6,0.02914999984204769,1.6167111328125001,0.0,0.107965,0.3,0.85,0.9,0.0
14,24.4444522857666,24.444445,36.42,0.02914999984204769,1.5784896972656253,0.0,0.5980377,0.3,0.85,0.9,-1.0335369081039971
15,24.444456100463867,24.444445,36.83,0.02914999984204769,1.5509279296875003,0.0,0.3337637,0.3,0.85,0.9,-1.8578857602878998
16,25.48277473449707,25.555555,36.96,0.05866999924182892,1.3188120117187503,0.0,0.25514993,0.3,0.85,0.7,0.0
17,27.219078063964844,27.222221,36.48,0.05866999924182892,0.9913522705078126,0.0,0.21329816,0.3,0.6,0.7,-0.9172229766845703
18,27.221988677978516,27.222221,35.0,0.05866999924182892,0.5722722290039063,0.0,1.373934,0.3,-0.05,-0.65,-1.129912321499263
19,27.222225189208984,27.222221,32.24,0.02914999984204769,0.16846823730468755,0.0,0.584823,0.15,0.0,-0.6,-0.24753570556640625
20,27.222219467163086,27.222221,29.68,0.02914999984204769,0.0004794877409934998,0.0,0.09905936,0.0,0.0,-0.6,-1.3970184199024516
21,27.222225189208984,27.222221,28.87,0.02914999984204769,0.0,0.0,0.84757125,0.0,-0.05,-0.6,-2.662365655938629
22,27.222225189208984,27.222221,28.32,0.02914999984204769,0.0,0.0,0.0,0.0,0.0,0.35,-4.06952866796928
23,27.222225189208984,27.222221,27.26,0.028929999098181725,0.0,0.0,0.0,0.0,0.6,0.35,-5.287452394200955
24,27.22221565246582,27.222221,26.0,0.028929999098181725,0.0,0.0,0.0,0.0,0.6,0.35,-6.239361525571439
1,27.222225189208984,27.222221,24.66,0.028929999098181725,0.0,0.0,0.0,0.0,0.6,0.35,-6.6339298169041285
2,27.222217559814453,27.222221,23.52,0.028929999098181725,0.0,0.0,0.0,0.0,0.6,0.35,-7.053820015295059
3,27.22222328186035,27.222221,22.63,0.028929999098181725,0.0,0.0,0.0,0.0,0.6,0.35,-7.0294647692353465
4,27.18806266784668,27.222221,22.0,0.028929999098181725,0.0,0.0,0.0,0.0,0.6,0.35,-6.85142766777426
5,26.98354721069336,27.222221,21.62,0.028929999098181725,0.0,0.0,0.0,0.0,0.6,0.35,-6.73789255497104
6,27.207456588745117,27.222221,21.38,0.028929999098181725,0.0,0.0,2.413272,0.0,-0.05,0.35,-6.761916334522539
7,27.222110748291016,27.222221,23.52,0.028929999098181725,0.07786950988769532,0.0,0.0,0.0,0.0,0.35,-8.399281524019898
8,27.22222328186035,27.222221,26.01,0.02914999984204769,0.29878300781250006,0.0,0.0,0.0,0.0,-0.6,-10.959644839298562
9,27.222225189208984,27.222221,28.45,0.02914999984204769,0.6174861328125001,0.0,1.2524061,0.15,-0.05,-0.35,0.0
10,27.222225189208984,27.222221,30.76,0.02914999984204769,1.0245559570312501,0.0,0.0,0.15,0.85,-0.35,0.0
11,27.22222328186035,27.222221,32.72,0.02914999984204769,1.3057784179687502,0.0,0.0,0.3,0.85,0.9,-1.9545916412186242
12,27.222225189208984,27.222221,34.33,0.02914999984204769,1.4413536621093752,0.0,0.0,0.3,0.85,0.9,-2.019844013905546
13,27.222227096557617,27.222221,35.61,0.02914999984204769,1.545430078125,0.0,0.0,0.3,0.85,0.9,-1.3220966930322011
14,27.222227096557617,27.222221,36.49,0.02914999984204769,1.5261029296875002,0.0,0.2185487,0.3,0.85,0.9,-0.8716106414794922
15,27.222230911254883,27.222221,36.73,0.02914999984204769,1.4260838378906253,0.0,0.0,0.3,0.85,0.9,-0.5956306457519531
16,27.222232818603516,27.222221,36.46,0.05866999924182892,1.24187490234375,0.0,0.0,0.3,0.85,0.7,-0.49521636962890625
17,27.22222900390625,27.222221,36.05,0.05866999924182892,0.9719625000000001,0.0,0.0,0.3,0.6,0.7,-0.4731559753417969
18,27.222227096557617,27.222221,35.07,0.05866999924182892,0.5783371948242189,0.0,0.0,0.3,0.0,-0.65,-0.4739723205566406
19,27.222227096557617,27.222221,33.22,0.02914999984204769,0.1753074645996094,0.0,0.21854883,0.15,0.0,-0.6,0.0
20,27.222225189208984,27.222221,30.26,0.02914999984204769,0.0015482161045074466,0.0,0.43709713,0.0,0.0,-0.6,-4.107045243275934
21,27.222225189208984,27.222221,28.97,0.02914999984204769,0.0,0.0,0.21854883,0.0,0.0,-0.6,-5.809882924892008
22,27.222225189208984,27.222221,28.48,0.02914999984204769,0.0,0.0,0.0,0.0,0.0,0.35,-7.550294083135668
23,27.222227096557617,27.222221,27.85,0.028929999098181725,0.0,0.0,0.0,0.0,0.6,0.35,-8.653778330321074
24,27.222227096557617,27.222221,26.49,0.028929999098181725,0.0,0.0,0.0,0.0,0.6,0.35,-9.365219344908837
1,27.114463806152344,27.11111,25.51,0.028929999098181725,0.0,0.0,0.29481664,0.0,0.6,0.35,-10.626022189913783
2,27.001327514648438,27.0,24.76,0.028929999098181725,0.0,0.0,0.0,0.0,0.6,0.35,-11.919304251568974
3,26.8912296295166,26.88889,24.22,0.028929999098181725,0.0,0.0,0.0,0.0,0.6,0.35,-12.593450035332353
4,26.77983856201172,26.777779,23.85,0.028929999098181725,0.0,0.0,0.0,0.0,0.6,0.35,-13.007768545299768
5,26.669986724853516,26.666666,23.5,0.028929999098181725,0.0,0.0,0.0,0.0,0.6,0.35,-13.315313583825628
6,26.557886123657227,26.555555,23.29,0.028929999098181725,0.0,0.0,0.0,0.0,0.0,0.35,-13.724141361632064
7,26.390851974487305,26.38889,24.57,0.028929999098181725,0.07535883178710938,0.0,0.43494195,0.0,0.0,0.35,-17.368243208053173
8,26.278532028198242,26.277779,26.51,0.028929999098181725,0.3045782775878907,0.0,0.0,0.0,0.0,-0.5,-23.289688954260782
9,26.16744613647461,26.166666,28.79,0.028929999098181725,0.7515116455078127,0.0,1.5924578,0.15,-0.05,-0.35,-6.3669571221144
10,26.05683135986328,26.055555,30.92,0.028929999098181725,1.1232416015625002,0.0,0.0,0.15,0.85,-0.35,-7.2589219716937805
11,25.944936752319336,25.944445,32.81,0.028929999098181725,1.3700673339843752,0.0,0.0,0.3,0.85,0.9,0.0
12,25.83421516418457,25.833334,34.37,0.028929999098181725,1.4522592773437502,0.0,0.4349487,0.3,0.85,0.9,0.0
13,25.724082946777344,25.722221,35.53,0.028929999098181725,1.5034914550781253,0.0,0.65242267,0.3,0.85,0.9,0.0
14,25.616539001464844,25.61111,36.26,0.028929999098181725,1.4660072753906253,0.0,0.86983347,0.3,0.85,0.9,-1.257449996250216
15,25.520797729492188,25.5,36.54,0.028929999098181725,1.3477791503906251,0.0,1.3047531,0.3,0.85,0.9,-1.8394782167306403
16,25.393842697143555,25.38889,36.22,0.028929999098181725,0.9816059326171875,0.0,0.67840296,0.3,0.85,0.9,-2.1490877291798824
17,25.279787063598633,25.277779,35.35,0.028929999098181725,0.7752284179687501,0.0,0.0,0.3,0.6,0.9,-2.3337869987917657
18,25.115217208862305,25.11111,34.01,0.028929999098181725,0.4635140258789063,0.0,0.14824824,0.3,0.0,-0.5,-1.864833704326884
19,25.00130271911621,25.0,32.15,0.028929999098181725,0.14978356933593753,0.0,0.0,0.15,0.0,-0.6,-5.748642079197452
20,24.890275955200195,24.88889,29.14,0.028929999098181725,0.002875358104705811,0.0,0.43494993,0.0,0.0,-0.6,-16.335573094329447
21,24.77948760986328,24.777779,27.8,0.028929999098181725,0.0,0.0,0.0,0.0,0.0,-0.6,-20.421059807995334
22,24.668556213378906,24.666666,27.02,0.028929999098181725,0.0,0.0,0.0,0.0,0.0,0.35,-23.877503625295503
23,24.55906105041504,24.555555,26.43,0.028929999098181725,0.0,0.0,0.0,0.0,0.6,0.35,-26.07638759888141
24,22.88633155822754,22.777779,25.82,0.028929999098181725,0.0,0.0,0.0,0.0,0.6,0.35,-49.30247493858042
1,23.219066619873047,23.222221,25.19,0.028929999098181725,0.0,0.0,0.0,0.0,0.6,0.35,-41.039648056961596
2,22.321308135986328,22.222221,24.48,0.028929999098181725,0.0,0.0,0.0,0.0,0.6,0.35,-52.54170432779938
3,22.230300903320312,22.222221,23.92,0.028929999098181725,0.0,0.0,0.21641687,0.0,0.6,0.35,-49.54888421414944
4,22.22315216064453,22.222221,23.51,0.028929999098181725,0.0,0.0,0.0,0.0,0.6,0.35,-46.28549946844578
5,22.22235870361328,22.222221,23.37,0.028929999098181725,0.0,0.0,0.0,0.0,0.6,0.35,-43.389999867082224
6,22.222244262695312,22.222221,23.38,0.028929999098181725,0.0,0.0,1.2984842,0.0,-0.05,0.35,-40.79207675882208
7,22.222232818603516,22.222221,24.62,0.028929999098181725,0.08049680786132814,0.0,0.0,0.0,0.0,0.35,-42.18429261105848
8,22.332481384277344,22.333334,26.63,0.028929999098181725,0.29708952026367197,0.0,0.0,0.0,0.0,-0.6,-45.20536586718299
9,22.776168823242188,22.777779,29.37,0.028929999098181725,0.7465222412109377,0.0,0.0,0.3,0.0,-0.35,-1.4862257335917093
10,24.37586212158203,24.444445,31.54,0.028929999098181725,1.1037366210937503,0.0,0.0,0.3,0.85,-0.35,-0.10135841369628906
11,24.444313049316406,24.444445,33.45,0.028929999098181725,1.362176953125,0.0,0.0,0.3,0.85,0.9,-0.04479026794433594
12,24.444448471069336,24.444445,35.12,0.028929999098181725,1.5788594238281253,0.0,0.0,0.3,0.85,0.9,0.0
13,24.4444522857666,24.444445,36.46,0.028929999098181725,1.4437683105468753,0.0,0.0,0.3,0.85,0.9,0.0
14,24.4444580078125,24.444445,37.37,0.028929999098181725,1.4543701171875003,0.0,0.0,0.3,0.85,0.9,-1.5235450894433598
15,24.44474220275879,24.444445,37.8,0.028929999098181725,1.4621377441406254,0.0,0.0,0.3,0.85,0.9,-3.012219616652146
16,24.547134399414062,24.555555,37.69,0.028929999098181725,1.191430517578125,0.0,0.13444889,0.3,0.85,0.9,-3.458559334252641
17,26.236801147460938,26.277779,37.08,0.028929999098181725,0.8847344238281252,0.0,0.60160863,0.3,0.6,0.9,0.0
18,24.323200225830078,24.166666,35.87,0.028929999098181725,0.5122299682617188,0.0,0.084738664,0.3,0.0,-0.5,-4.7959853812390065
19,24.27819061279297,24.277779,33.77,0.028929999098181725,0.16140679321289064,0.0,0.8764362,0.15,-0.05,-0.6,-9.456356978276744
20,24.442495346069336,24.444445,31.27,0.028929999098181725,0.002618420505523682,0.0,0.31919292,0.15,0.0,-0.6,-6.27962754271357
21,24.44441795349121,24.444445,29.4,0.028929999098181725,0.0,0.0,0.5998938,0.0,0.0,-0.6,-16.535240965753474
22,25.76250457763672,25.777779,28.08,0.028929999098181725,0.0,0.0,0.058971375,0.0,0.0,0.35,-8.7244511189092
23,24.512968063354492,24.444445,27.14,0.028929999098181725,0.0,0.0,0.51257414,0.0,0.6,0.35,-20.836513365651626
24,24.44551658630371,24.444445,26.48,0.028929999098181725,0.0,0.0,0.0,0.0,0.6,0.35,-21.269818173550448
1,23.296375274658203,23.222221,25.94,0.028929999098181725,0.0,0.0,0.0,0.0,0.6,0.35,-34.8998326624278
2,22.260892868041992,22.222221,25.58,0.028929999098181725,0.0,0.0,0.0,0.0,0.6,0.35,-47.04903676226968
3,22.223526000976562,22.222221,25.44,0.028929999098181725,0.0,0.0,0.0,0.0,0.6,0.35,-45.61447671383212
4,22.22239875793457,22.222221,25.37,0.028929999098181725,0.0,0.0,0.0,0.0,0.6,0.35,-43.94917532108957
5,22.222246170043945,22.222221,25.31,0.028929999098181725,0.0,0.0,0.0,0.0,0.6,0.35,-42.37098950945074
6,22.222238540649414,22.222221,25.22,0.028929999098181725,0.0,0.0,0.0,0.0,0.0,0.35,-39.75038320886961
7,22.22223472595215,22.222221,25.67,0.028929999098181725,0.07235425415039064,0.0,0.0,0.0,0.0,0.35,-39.66283820575336
8,22.331750869750977,22.333334,27.33,0.02914999984204769,0.28636164550781257,0.0,0.0,0.0,0.0,-0.6,-40.12667955330471
9,22.224451065063477,22.222221,29.31,0.02914999984204769,0.6234695068359376,0.0,0.0,0.3,0.0,-0.35,-1.1299359761324013
10,23.322967529296875,23.333334,31.03,0.02914999984204769,1.021033447265625,0.0,0.4307521,0.3,0.85,-0.35,0.0
11,23.88824462890625,23.88889,33.03,0.02914999984204769,1.4092549804687504,0.0,0.43075576,0.3,0.85,0.9,-0.01592254638671875
12,24.442380905151367,24.444445,35.19,0.02914999984204769,1.4749286132812502,0.0,0.21537793,0.3,0.85,0.9,-0.08611488342285156
13,24.444421768188477,24.444445,36.57,0.02914999984204769,1.5033030761718753,0.0,0.0,0.3,0.85,0.9,0.0
14,24.4444522857666,24.444445,37.35,0.02914999984204769,1.5171045410156252,0.0,0.1023834,0.3,0.85,0.9,0.0
15,23.80582046508789,23.61111,37.42,0.02914999984204769,1.4454326660156254,0.0,0.18018746,0.3,0.85,0.9,-3.665241775161121
16,23.344881057739258,23.333334,36.96,0.05866999924182892,1.2272192871093752,0.0,0.0,0.3,0.85,0.7,-5.835721481071232
17,24.133943557739258,24.166666,36.26,0.05866999924182892,0.9100327880859377,0.0,0.6461038,0.3,0.6,0.7,-2.8754815368447453
18,24.41168212890625,24.444445,35.18,0.05866999924182892,0.5454816650390626,0.0,0.6461256,0.3,-0.05,-0.65,-1.781524935246125
19,24.44375991821289,24.444445,33.42,0.02914999984204769,0.1709419555664063,0.0,0.43075377,0.15,0.0,-0.6,-6.233502798280824
20,24.44444465637207,24.444445,30.98,0.02914999984204769,0.0002477568626403809,0.0,0.0,0.15,0.0,-0.6,-4.666299745473225
21,24.4444522857666,24.444445,29.25,0.02914999984204769,0.0,0.0,0.0,0.0,0.0,-0.6,-14.070039805843408
22,24.4444522857666,24.444445,27.99,0.02914999984204769,0.0,0.0,0.0,0.0,0.0,0.35,-16.44643074274063
23,24.444454193115234,24.444445,27.02,0.028929999098181725,0.0,0.0,0.0,0.0,0.6,0.35,-18.268414388589008
24,22.866493225097656,22.777779,26.24,0.028929999098181725,0.0,0.0,0.43074992,0.0,0.6,0.35,-36.726020858986885
1,23.218942642211914,23.222221,25.69,0.028929999098181725,0.0,0.0,0.0,0.0,0.6,0.35,-30.918154318118468
2,22.314739227294922,22.222221,25.43,0.028929999098181725,0.0,0.0,0.0,0.0,0.6,0.35,-42.38290923234308
3,22.224973678588867,22.222221,25.34,0.028929999098181725,0.0,0.0,0.0,0.0,0.6,0.35,-41.877083474540996
4,22.222549438476562,22.222221,25.32,0.028929999098181725,0.0,0.0,0.0,0.0,0.6,0.35,-41.36739962239881
5,22.22220802307129,22.222221,25.22,0.028929999098181725,0.0,0.0,0.0,0.0,0.6,0.35,-40.84552443237408
6,22.22223663330078,22.222221,24.98,0.028929999098181725,0.0,0.0,0.0,0.0,0.0,0.35,-40.05593312626297
7,22.222232818603516,22.222221,25.72,0.028929999098181725,0.07357691802978517,0.0,0.0,0.0,0.0,0.35,-41.31527879979694
8,22.33220100402832,22.333334,27.5,0.02914999984204769,0.2921363342285157,0.0,0.0,0.15,0.0,-0.6,-13.325880875476287
9,24.30854606628418,24.444445,29.39,0.02914999984204769,0.6596096923828125,0.0,0.0,0.15,0.0,-0.35,-2.6052925750300346
10,24.444360733032227,24.444445,31.12,0.02914999984204769,1.0698333251953127,0.0,0.21435478,0.3,0.85,-0.35,-0.14418983459472656
11,24.444448471069336,24.444445,32.82,0.02914999984204769,1.3998594726562503,0.0,0.0,0.3,0.85,0.9,0.0
12,24.44445037841797,24.444445,34.24,0.02914999984204769,1.4101946777343752,0.0,0.0,0.3,0.85,0.9,-0.012691497802734375
13,24.444454193115234,24.444445,35.41,0.02914999984204769,1.5412907226562502,0.0,0.0,0.3,0.85,0.9,0.0
14,24.444456100463867,24.444445,36.25,0.02914999984204769,1.4270465332031252,0.0,0.0,0.3,0.85,0.9,0.0
15,24.444456100463867,24.444445,36.81,0.02914999984204769,1.4393235351562503,0.0,0.0,0.3,0.85,0.9,0.0
16,24.444454193115234,24.444445,37.02,0.05866999924182892,1.2003413085937502,0.0,0.2143528,0.3,0.85,0.7,-1.5629911808682664
17,24.44445037841797,24.444445,36.75,0.05866999924182892,0.9758941406250001,0.0,0.0,0.3,0.6,0.7,-2.258287417647807
18,24.444448471069336,24.444445,35.87,0.05866999924182892,0.6125310058593751,0.0,0.0,0.3,0.0,-0.5,-2.8230355216110183
19,24.444482803344727,24.444445,34.09,0.02914999984204769,0.18792326660156253,0.0,0.0,0.15,0.0,-0.6,-7.867994611387985
20,24.44445037841797,24.444445,31.03,0.02914999984204769,0.0019326898097991947,0.0,0.0,0.15,0.0,-0.6,-5.140812045898201
21,24.4444522857666,24.444445,29.65,0.02914999984204769,0.0,0.0,0.6562868,0.15,-0.05,-0.6,-3.974786562161171
22,24.444461822509766,24.444445,28.44,0.02914999984204769,0.0,0.0,0.2143547,0.0,0.0,0.35,-13.263887583776523
23,24.444454193115234,24.444445,27.38,0.028929999098181725,0.0,0.0,0.2143535,0.0,0.6,0.35,-15.617713400602952
24,22.335311889648438,22.222221,26.29,0.028929999098181725,0.0,0.0,0.0,0.0,0.6,0.35,-41.92338225503045
1,23.276456832885742,23.277779,25.3,0.028929999098181725,0.0,0.0,0.0,0.0,0.6,0.35,-29.937233102988102
2,22.31410026550293,22.222221,24.61,0.028929999098181725,0.0,0.0,0.0,0.0,0.6,0.35,-42.603527290339116
3,22.225513458251953,22.222221,24.35,0.028929999098181725,0.0,0.0,0.0,0.0,0.6,0.35,-42.39185012463713
4,22.222579956054688,22.222221,24.15,0.028929999098181725,0.0,0.0,0.0,0.0,0.6,0.35,-42.04041597142714
5,22.222261428833008,22.222221,24.13,0.028929999098181725,0.0,0.0,0.0,0.0,0.6,0.35,-41.969879607262556
6,22.222238540649414,22.222221,24.14,0.028929999098181725,0.0,0.0,0.0,0.0,0.0,0.35,-42.03435637062648
7,22.222230911254883,22.222221,25.34,0.028929999098181725,0.07312628631591798,0.0,0.0,0.0,0.0,0.35,-44.85771012389159
8,22.277355194091797,22.277779,27.16,0.02914999984204769,0.30256203002929694,0.0,0.0,0.0,0.0,-0.5,-48.19016449562332
9,22.222644805908203,22.222221,28.8,0.02914999984204769,0.7067598632812501,0.0,0.0,0.3,0.0,-0.35,-1.5233802944421768
10,24.305679321289062,24.444445,30.34,0.02914999984204769,1.0876026855468752,0.0,0.0,0.3,0.85,-0.35,-0.5843448638916016
11,24.444414138793945,24.444445,31.77,0.02914999984204769,1.34618759765625,0.0,0.0,0.3,0.85,0.9,-0.5499591827392578
12,24.444448471069336,24.444445,33.12,0.02914999984204769,1.3761098144531252,0.0,0.0,0.3,0.85,0.9,-0.3771228790283203
13,24.44445037841797,24.444445,34.33,0.02914999984204769,1.4828510742187502,0.0,0.0,0.3,0.85,0.9,-0.11397743225097656
14,24.444454193115234,24.444445,35.4,0.02914999984204769,1.5631875000000002,0.0,0.0,0.3,0.85,0.9,0.0
15,24.4444580078125,24.444445,36.32,0.02914999984204769,1.4334360351562503,0.0,0.0,0.3,0.85,0.9,0.0
16,24.444454193115234,24.444445,36.76,0.05866999924182892,1.2624275390625004,0.0,0.0,0.3,0.85,0.7,-1.1266497931537742
17,24.44445037841797,24.444445,36.66,0.05866999924182892,0.9816743408203127,0.0,0.0,0.3,0.6,0.7,-1.78708932304653
18,24.444448471069336,24.444445,35.97,0.05866999924182892,0.6062695678710939,0.0,0.0,0.3,0.0,-0.5,-1.8789619627968932
19,24.444448471069336,24.444445,34.17,0.02914999984204769,0.18901658935546878,0.0,0.0,0.15,0.0,-0.6,-6.094773650260322
20,24.44445037841797,24.444445,31.48,0.02914999984204769,0.0,0.0,0.0,0.15,0.0,-0.6,-4.273748355513817
21,24.44445037841797,24.444445,30.9,0.02914999984204769,0.0,0.0,0.57581604,0.15,0.0,-0.6,-3.9483792968676426
22,24.4444522857666,24.444445,29.69,0.02914999984204769,0.0,0.0,0.0,0.15,0.0,0.35,-2.9873838398052612
23,24.444454193115234,24.444445,28.13,0.028929999098181725,0.0,0.0,0.0,0.0,0.6,0.35,-11.280928399213735
24,24.4444522857666,24.444445,26.92,0.028929999098181725,0.0,0.0,0.4266892,0.0,0.6,0.35,-13.940442971364973
1,23.3448429107666,23.277779,25.95,0.028929999098181725,0.0,0.0,0.0,0.0,0.6,0.35,-27.46815281428644
2,22.249954223632812,22.222221,24.94,0.028929999098181725,0.0,0.0,0.0,0.0,0.6,0.35,-41.62889036851993
3,22.222606658935547,22.222221,23.87,0.028929999098181725,0.0,0.0,0.0,0.0,0.6,0.35,-41.59616204560734
4,22.222259521484375,22.222221,23.1,0.028929999098181725,0.0,0.0,0.0,0.0,0.6,0.35,-41.102721765695605
5,22.222238540649414,22.222221,22.57,0.028929999098181725,0.0,0.0,0.0,0.0,0.6,0.35,-40.645294323563576
6,22.22218894958496,22.222221,22.43,0.028929999098181725,0.0,0.0,0.0,0.0,0.0,0.35,-40.548606566517265
7,22.22222900390625,22.222221,24.41,0.028929999098181725,0.06934523162841798,0.0,0.0,0.0,0.0,0.35,-46.28466898575425
8,22.277385711669922,22.277779,26.77,0.02914999984204769,0.30075272827148447,0.0,2.2398844,0.0,-0.05,-0.5,-54.985689521432505
9,22.776275634765625,22.777779,29.28,0.02914999984204769,0.7415883544921876,0.0,0.0,0.3,0.0,-0.35,-1.6169247427606024
10,24.365741729736328,24.444445,31.58,0.02914999984204769,1.1200462646484377,0.0,0.0,0.3,0.85,-0.35,-0.0063190460205078125
11,24.444364547729492,24.444445,33.3,0.02914999984204769,1.4002642089843753,0.0,0.0,0.3,0.85,0.9,0.0
12,24.444448471069336,24.444445,34.46,0.02914999984204769,1.4711399414062503,0.0,0.0,0.3,0.85,0.9,0.0
13,25.664731979370117,25.666666,35.19,0.02914999984204769,1.5983441894531252,0.0,1.3055186,0.3,0.85,0.9,-0.722503662109375
14,26.661161422729492,26.666666,35.58,0.02914999984204769,1.5007565917968753,0.0,0.6370584,0.3,0.85,0.9,-2.444788330162319
15,26.666418075561523,26.666666,35.62,0.02914999984204769,1.472730615234375,0.0,0.0,0.3,0.85,0.9,-1.15399884989862
16,26.66665267944336,26.666666,35.42,0.05866999924182892,1.2604514648437504,0.0,0.0,0.3,0.85,0.7,-0.7723217010498047
17,26.666671752929688,26.666666,35.0,0.05866999924182892,1.0022756103515627,0.0,0.0,0.3,0.6,0.7,-0.6460323333740234
18,26.666671752929688,26.666666,34.22,0.05866999924182892,0.6061384643554688,0.0,0.0,0.3,0.0,-0.5,-0.8245563507080078
19,25.354780197143555,25.333334,32.92,0.02914999984204769,0.1986195190429688,0.0,0.0,0.15,0.0,-0.6,-2.71449834257146
20,24.453758239746094,24.444445,30.2,0.02914999984204769,0.001266091346740723,0.0,0.2123609,0.15,0.0,-0.6,-4.302826535189524
21,24.444538116455078,24.444445,28.84,0.02914999984204769,0.0,0.0,0.0,0.0,0.0,-0.6,-13.665485837496817
22,24.444454193115234,24.444445,28.12,0.02914999984204769,0.0,0.0,0.0,0.0,0.0,0.35,-17.34578682866777
23,24.4444522857666,24.444445,27.37,0.028929999098181725,0.0,0.0,0.21236017,0.0,0.6,0.35,-20.703412981561996
24,24.444454193115234,24.444445,26.56,0.028929999098181725,0.0,0.0,0.0,0.0,0.6,0.35,-22.97702916941853
1,23.373706817626953,23.277779,25.71,0.028929999098181725,0.0,0.0,0.0,0.0,0.6,0.35,-37.9584294045344
2,22.26214027404785,22.222221,24.9,0.028929999098181725,0.0,0.0,0.0,0.0,0.6,0.35,-54.17814447754063
3,22.223203659057617,22.222221,24.22,0.028929999098181725,0.0,0.0,0.0,0.0,0.6,0.35,-53.90511815343052
4,22.22234344482422,22.222221,23.75,0.028929999098181725,0.0,0.0,0.0,0.0,0.6,0.35,-53.05338305194164
5,22.222278594970703,22.222221,23.56,0.028929999098181725,0.0,0.0,0.9987049,0.0,0.6,0.35,-52.429224680076004
6,22.22219467163086,22.222221,23.61,0.028929999098181725,0.0,0.0,0.0,0.0,0.0,0.35,-52.2401331669098
7,22.22222900390625,22.222221,24.86,0.028929999098181725,0.06402539520263673,0.0,0.0,0.0,0.0,0.35,-54.98433175998798
8,22.277509689331055,22.277779,27.08,0.02914999984204769,0.29274975585937507,0.0,0.0,0.0,0.0,-0.6,-60.25529285945231
9,22.77535629272461,22.777779,29.37,0.02914999984204769,0.7512620361328126,0.0,0.9549579,0.3,-0.05,-0.35,-1.5905242854241806
10,24.37324333190918,24.444445,31.63,0.02914999984204769,1.0691560546875,0.0,0.0,0.3,0.85,-0.35,-0.03935432434082031
11,24.444347381591797,24.444445,33.52,0.02914999984204769,1.2641201660156254,0.0,0.0,0.3,0.85,0.9,-0.05906867980957031
12,24.444448471069336,24.444445,35.0,0.02914999984204769,1.4804037597656252,0.0,0.0,0.3,0.85,0.9,0.0
13,24.4444522857666,24.444445,36.03,0.02914999984204769,1.5257438964843753,0.0,0.0,0.3,0.85,0.9,0.0
14,25.281837463378906,25.333334,36.63,0.02914999984204769,1.5402314941406252,0.0,0.0,0.3,0.85,0.9,0.0
15,24.547809600830078,24.444445,36.8,0.02914999984204769,1.3108875000000002,0.0,0.7447866,0.3,0.85,0.9,-2.1409921865597425
16,24.445905685424805,24.444445,36.63,0.05866999924182892,1.1651083740234376,0.0,0.0,0.3,0.85,0.7,-2.6175722962980217
17,24.44451141357422,24.444445,36.16,0.05866999924182892,0.9507152343750002,0.0,0.0,0.3,0.6,0.7,-2.887545306006359
18,24.44445037841797,24.444445,35.3,0.05866999924182892,0.5725764770507814,0.0,0.21139073,0.3,0.0,-0.65,-2.5951552714141144
19,24.44445037841797,24.444445,33.84,0.02914999984204769,0.18575903320312503,0.0,0.21139075,0.15,0.0,-0.6,-7.603015660428355
20,24.44445037841797,24.444445,31.8,0.02914999984204769,0.0022677934169769293,0.0,0.0,0.15,0.0,-0.6,-6.470871721980075
21,24.4444522857666,24.444445,29.9,0.02914999984204769,0.0,0.0,0.0,0.15,0.0,-0.6,-5.288987551499304
22,24.4444522857666,24.444445,28.54,0.02914999984204769,0.0,0.0,1.5963271,0.0,-0.05,0.35,-15.480858553204598
23,24.44445037841797,24.444445,27.54,0.028929999098181725,0.0,0.0,0.0,0.0,0.6,0.35,-19.14020776976031
24,24.444456100463867,24.444445,26.72,0.028929999098181725,0.0,0.0,0.0,0.0,0.6,0.35,-22.07421447575689
1,23.372539520263672,23.277779,26.01,0.028929999098181725,0.0,0.0,0.0,0.0,0.6,0.35,-36.22681181471853
2,22.26247787475586,22.222221,25.48,0.028929999098181725,0.0,0.0,0.0,0.0,0.6,0.35,-51.68779742810875
3,22.223522186279297,22.222221,25.24,0.028929999098181725,0.0,0.0,0.0,0.0,0.6,0.35,-51.5707022100687
4,22.222389221191406,22.222221,24.91,0.028929999098181725,0.0,0.0,0.0,0.0,0.6,0.35,-50.680153613342554
5,22.222225189208984,22.222221,24.54,0.028929999098181725,0.0,0.0,0.0,0.0,0.6,0.35,-49.488324564896175
6,22.22223663330078,22.222221,24.19,0.028929999098181725,0.0,0.0,0.0,0.0,0.0,0.35,-48.120120449515525
7,22.222232818603516,22.222221,24.91,0.028929999098181725,0.06479261169433595,0.0,0.0,0.0,0.0,0.35,-51.40914725676703
8,22.276880264282227,22.277779,26.81,0.028929999098181725,0.2629179565429688,0.0,1.5799563,0.0,-0.05,-0.6,-56.67801908735419
9,22.75835418701172,22.777779,29.01,0.028929999098181725,0.5866777587890626,0.0,0.0,0.3,0.0,-0.5,-2.1560165195260197
10,24.376161575317383,24.444445,31.02,0.028929999098181725,0.9722616943359376,0.0,0.63131285,0.3,0.85,-0.35,0.0
11,24.444320678710938,24.444445,32.8,0.028929999098181725,1.2423161132812501,0.0,0.34039396,0.3,0.85,0.9,0.0
12,24.444448471069336,24.444445,34.34,0.028929999098181725,1.3467433593750002,0.0,0.0,0.3,0.85,0.9,0.0
13,24.44445037841797,24.444445,35.59,0.028929999098181725,1.38594375,0.0,3.2214942,0.3,0.85,0.9,0.0
14,24.993558883666992,25.0,36.37,0.028929999098181725,1.4113650878906254,0.0,0.0,0.3,0.85,0.9,0.0
15,25.54885482788086,25.555555,36.75,0.028929999098181725,1.3636870605468752,0.0,0.25626755,0.3,0.85,0.9,0.0
16,27.212060928344727,27.222221,36.66,0.028929999098181725,1.163425634765625,0.0,0.0,0.3,0.85,0.9,-0.9939231872558594
17,27.22154426574707,27.222221,36.01,0.028929999098181725,0.9303349365234376,0.0,2.8033445,0.3,0.6,0.9,-0.8291358947753906
18,27.22221565246582,27.222221,34.91,0.028929999098181725,0.5589963867187501,0.0,1.403101,0.3,-0.05,-0.5,-0.9252777099609375
19,27.222227096557617,27.222221,33.29,0.028929999098181725,0.18201223754882814,0.0,0.35262826,0.15,0.0,-0.6,-0.016618728637695312
20,27.222227096557617,27.222221,31.34,0.028929999098181725,0.0036395673751831057,0.0,0.0,0.0,0.0,-0.6,-2.0049490063101985
21,27.222209930419922,27.222221,29.7,0.028929999098181725,0.0,0.0,0.93360084,0.0,-0.05,-0.6,-3.0867271848401288
22,27.222211837768555,27.222221,28.56,0.028929999098181725,0.0,0.0,0.4208772,0.0,0.0,0.35,-3.89486510399729
23,27.222227096557617,27.222221,27.66,0.028929999098181725,0.0,0.0,0.0,0.0,0.6,0.35,-4.425034765154123
24,27.22221565246582,27.222221,26.83,0.028929999098181725,0.0,0.0,0.0,0.0,0.6,0.35,-4.808499602499069
1,27.222227096557617,27.222221,26.06,0.028929999098181725,0.0,0.0,0.0,0.0,0.6,0.35,-4.700932093561278
2,27.222209930419922,27.222221,25.44,0.028929999098181725,0.0,0.0,0.0,0.0,0.6,0.35,-4.51364729605848
3,27.222225189208984,27.222221,25.12,0.028929999098181725,0.0,0.0,0.0,0.0,0.6,0.35,-4.418729749289923
4,27.222196578979492,27.222221,24.73,0.028929999098181725,0.0,0.0,0.0,0.0,0.6,0.35,-4.315702568055713
5,27.222183227539062,27.222221,24.27,0.028929999098181725,0.0,0.0,0.0,0.0,0.6,0.35,-4.1757322289195145
6,27.222200393676758,27.222221,23.93,0.028929999098181725,0.0,0.0,0.0,0.0,0.0,0.35,-4.03989389911294
7,27.22222328186035,27.222221,24.72,0.028929999098181725,0.0777456756591797,0.0,0.0,0.0,0.0,0.35,-4.971962257346604
8,27.22222328186035,27.222221,26.84,0.028929999098181725,0.22763492431640628,0.0,0.0,0.0,0.0,-0.6,-7.09042170039902
9,27.22222328186035,27.222221,29.33,0.028929999098181725,0.5347163818359376,0.0,0.0,0.15,0.0,-0.5,0.0
10,27.22222328186035,27.222221,31.54,0.028929999098181725,0.7239750732421876,0.0,0.0,0.15,0.85,-0.35,0.0
11,27.222225189208984,27.222221,33.41,0.028929999098181725,1.0241939208984376,0.0,0.0,0.3,0.85,0.9,-0.8788108825683594
12,25.58525848388672,25.555555,35.01,0.028929999098181725,1.0894986328125,0.0,0.08424588,0.3,0.85,0.9,0.0
13,25.08447265625,25.0,36.2,0.028929999098181725,1.1699783935546877,0.0,0.05387618,0.3,0.85,0.9,-1.9134155153878964
14,26.657062530517578,26.666666,36.78,0.028929999098181725,1.1275239990234376,0.0,0.5749913,0.3,0.85,0.9,-0.10031700134277344
15,25.58102035522461,25.555555,36.77,0.028929999098181725,0.9853649414062502,0.0,0.1668073,0.3,0.85,0.9,-1.3934992647264153
16,23.658174514770508,23.5,36.18,0.028929999098181725,0.8378137939453125,0.0,0.45780352,0.3,0.85,0.9,-10.65700787062815
17,23.377838134765625,23.333334,34.82,0.028929999098181725,0.6033090087890626,0.0,0.0,0.3,0.6,0.9,-10.454581765519833
18,24.260374069213867,24.277779,33.39,0.028929999098181725,0.36905438232421883,0.0,0.0,0.15,0.0,-0.5,-11.342961685862974
19,24.424718856811523,24.444445,31.99,0.028929999098181725,0.12210248107910159,0.0,0.0,0.15,0.0,-0.6,-9.3766867043596
20,25.300912857055664,25.333334,30.58,0.028929999098181725,0.004431985187530518,0.0,0.41899168,0.15,0.0,-0.6,-3.5238624131343386
21,26.635265350341797,26.666666,29.37,0.028929999098181725,0.0,0.0,0.4190079,0.0,0.0,-0.6,-3.520576311799232
22,24.85686492919922,24.777779,28.29,0.028929999098181725,0.0,0.0,0.0,0.0,0.0,0.35,-18.704344733210746
23,24.45140266418457,24.444445,27.28,0.028929999098181725,0.0,0.0,0.0,0.0,0.6,0.35,-23.48636608312154
24,24.444618225097656,24.444445,26.4,0.028929999098181725,0.0,0.0,0.0,0.0,0.6,0.35,-23.371701698812103
1,23.391094207763672,23.277779,25.72,0.028929999098181725,0.0,0.0,0.0,0.0,0.6,0.35,-35.34860047163966
2,22.261699676513672,22.222221,25.2,0.028929999098181725,0.0,0.0,0.0,0.0,0.6,0.35,-47.145638417001464
3,22.223384857177734,22.222221,24.8,0.028929999098181725,0.0,0.0,0.0,0.0,0.6,0.35,-44.95827728533186
4,22.222326278686523,22.222221,24.48,0.028929999098181725,0.0,0.0,0.0,0.0,0.6,0.35,-42.635254590553814
5,22.222246170043945,22.222221,24.22,0.028929999098181725,0.0,0.0,0.0,0.0,0.6,0.35,-40.385873727558646
6,22.22225570678711,22.222221,24.04,0.028929999098181725,0.0,0.0,1.5633582,0.0,-0.05,0.35,-38.23343499097973
7,22.222240447998047,22.222221,24.71,0.028929999098181725,0.07070885467529299,0.0,0.20850451,0.0,0.0,0.35,-36.87472624244401
8,22.277408599853516,22.277779,26.18,0.02914999984204769,0.25902619628906254,0.0,0.0,0.0,0.0,-0.6,-37.172991841929615
9,22.776700973510742,22.777779,28.7,0.02914999984204769,0.5017945678710938,0.0,0.0,0.3,0.0,-0.5,0.0
10,24.367164611816406,24.444445,30.99,0.02914999984204769,0.7119604248046876,0.0,0.0,0.3,0.85,-0.35,-1.0923528559498357
11,24.44432258605957,24.444445,32.88,0.02914999984204769,0.7927937255859376,0.0,0.41718233,0.3,0.85,0.9,-0.9615211486816406
12,24.444448471069336,24.444445,34.3,0.02914999984204769,1.071402685546875,0.0,0.0,0.3,0.85,0.9,-0.6080303192138672
13,24.499187469482422,24.5,35.26,0.02914999984204769,1.1518671386718753,0.0,0.21480481,0.3,0.85,0.9,-0.3527050018310547
14,25.633108139038086,25.666666,35.43,0.02914999984204769,1.2388201171875002,0.0,0.16436546,0.3,0.85,0.9,-1.7259194756843868
15,24.569612503051758,24.444445,35.19,0.02914999984204769,1.1085610107421875,0.0,0.0,0.3,0.85,0.9,0.0
16,24.447555541992188,24.444445,34.9,0.05866999924182892,0.932677587890625,0.0,0.0,0.3,0.85,0.7,0.0
17,24.444486618041992,24.444445,33.27,0.05866999924182892,0.7111692626953126,0.0,0.20859128,0.3,0.6,0.7,0.0
18,24.22572135925293,24.222221,30.88,0.05866999924182892,0.41965085449218753,0.0,0.41718134,0.3,0.0,-0.65,-0.088226318359375
19,23.3494815826416,23.333334,28.49,0.02914999984204769,0.13532804260253908,0.0,0.0,0.15,0.0,-0.6,-3.0096447179093957
20,23.553064346313477,23.555555,26.84,0.02914999984204769,0.0031989546775817875,0.0,1.8533087,0.0,-0.05,-0.6,-10.84782663095757
21,24.441442489624023,24.444445,26.09,0.02914999984204769,0.0,0.0,0.0,0.0,0.0,-0.6,-7.9358404411468655
22,24.444271087646484,24.444445,25.72,0.02914999984204769,0.0,0.0,2.3639038,0.0,-0.05,0.35,-9.392334257285256
23,24.444448471069336,24.444445,25.39,0.028929999098181725,0.0,0.0,0.0,0.0,0.6,0.35,-9.687829600155965
24,24.444454193115234,24.444445,24.99,0.028929999098181725,0.0,0.0,0.0,0.0,0.6,0.35,-9.482228998618666
1,23.33792495727539,23.277779,24.58,0.028929999098181725,0.0,0.0,0.0,0.0,0.6,0.35,-17.899254342133645
2,22.259347915649414,22.222221,24.34,0.028929999098181725,0.0,0.0,0.0,0.0,0.6,0.35,-27.39922076728908
3,22.22335433959961,22.222221,24.16,0.028929999098181725,0.0,0.0,0.0,0.0,0.6,0.35,-26.756104324536864
4,22.222368240356445,22.222221,24.0,0.028929999098181725,0.0,0.0,0.83033013,0.0,0.6,0.35,-26.11994305405824
5,22.222312927246094,22.222221,23.83,0.028929999098181725,0.0,0.0,0.0,0.0,0.6,0.35,-24.652912201567233
6,22.22224235534668,22.222221,23.69,0.028929999098181725,0.0,0.0,0.0,0.0,0.0,0.35,-23.54839411569992
7,22.22223472595215,22.222221,24.04,0.028929999098181725,0.03707818450927735,0.0,0.0,0.0,0.0,0.35,-23.35988194704987
8,22.276626586914062,22.277779,24.71,0.02914999984204769,0.13818273925781252,0.0,0.0,0.0,0.0,-0.6,-22.385491816385183
9,22.772172927856445,22.777779,25.66,0.02914999984204769,0.21211624145507815,0.0,0.20769559,0.0,0.0,-0.6,-18.246360906399786
10,24.3001766204834,24.444445,26.7,0.02914999984204769,0.44737639160156256,0.0,0.0,0.15,0.65,-0.5,0.0
11,24.44440460205078,24.444445,27.33,0.02914999984204769,0.6137341186523438,0.0,0.0,0.15,0.85,0.9,0.0
12,24.444448471069336,24.444445,27.74,0.02914999984204769,0.7198627441406251,0.0,0.0,0.15,0.85,0.9,-0.08516502380371094
13,24.4444522857666,24.444445,28.16,0.02914999984204769,0.4925437866210938,0.0,0.0,0.15,0.65,0.6,-0.14911460876464844
14,25.034141540527344,25.055555,28.56,0.02914999984204769,0.45609147949218753,0.0,0.0,0.15,0.65,0.6,-0.7298183441162109
15,24.496408462524414,24.444445,28.66,0.02914999984204769,0.3341167602539063,0.0,0.41536215,0.0,0.65,0.6,-2.6313905528841133
16,24.44561195373535,24.444445,28.34,0.05866999924182892,0.2733340942382813,0.0,0.0,0.0,0.65,0.1,-4.811804336935893
17,24.44449234008789,24.444445,27.67,0.05866999924182892,0.34565181884765633,0.0,0.0,0.0,0.6,0.4,-7.5653221855500306
18,24.444412231445312,24.444445,26.82,0.05866999924182892,0.15573975219726566,0.0,0.0,0.0,0.0,-0.8,-9.074505827160465
19,24.4444522857666,24.444445,25.7,0.02914999984204769,0.058386328125000005,0.0,0.20769554,0.0,0.0,-0.6,-9.440585837761319
20,24.444459915161133,24.444445,24.49,0.02914999984204769,0.003032750988006592,0.0,1.0383743,0.0,-0.05,-0.6,-9.069668607844505
21,24.4444522857666,24.444445,23.8,0.02914999984204769,0.0,0.0,0.41538614,0.0,0.0,-0.6,-8.541466910279269
22,24.4444522857666,24.444445,23.66,0.02914999984204769,0.0,0.0,0.20769183,0.0,0.0,0.35,-8.14504434619812
23,24.444454193115234,24.444445,23.76,0.028929999098181725,0.0,0.0,0.20768885,0.0,0.6,0.35,-7.917786291513039
24,24.444454193115234,24.444445,24.05,0.028929999098181725,0.0,0.0,0.20769599,0.0,0.6,0.35,-7.84088228800465
1,23.332141876220703,23.277779,24.25,0.028929999098181725,0.0,0.0,0.0,0.0,0.6,0.35,-16.42060565589054
2,22.278898239135742,22.222221,24.26,0.028929999098181725,0.0,0.0,1.033988,0.0,0.6,0.35,-26.387623502818315
3,22.223546981811523,22.222221,24.14,0.028929999098181725,0.0,0.0,0.0,0.0,0.6,0.35,-26.24920529522933
4,22.222381591796875,22.222221,23.94,0.028929999098181725,0.0,0.0,0.0,0.0,0.6,0.35,-26.074166952548694
5,22.222370147705078,22.222221,23.76,0.028929999098181725,0.0,0.0,0.72639143,0.0,0.6,0.35,-26.100177819898818
6,22.22224235534668,22.222221,23.66,0.028929999098181725,0.0,0.0,0.13321777,0.0,0.0,0.35,-26.304524985698663
7,22.22223472595215,22.222221,23.94,0.028929999098181725,0.05847799072265626,0.0,0.0,0.0,0.0,0.35,-27.47073195305711
8,22.2758731842041,22.277779,24.53,0.02914999984204769,0.16855894775390626,0.0,1.2687874,0.0,-0.05,-0.6,-26.482041388695507
9,22.228851318359375,22.222221,25.4,0.02914999984204769,0.25181737060546877,0.0,0.6891206,0.0,-0.05,-0.6,-27.635848140867893
10,24.21415901184082,24.444445,26.27,0.02914999984204769,0.4786035278320313,0.0,0.0,0.15,0.65,-0.5,0.0
11,24.43576431274414,24.444445,27.29,0.02914999984204769,0.7357970214843751,0.0,0.0,0.15,0.85,0.9,0.0
12,24.444416046142578,24.444445,27.98,0.02914999984204769,0.7066727050781251,0.0,0.0,0.15,0.85,0.9,0.0
13,24.444448471069336,24.444445,28.37,0.02914999984204769,0.8571287109375002,0.0,0.0,0.15,0.85,0.9,0.0
14,24.444454193115234,24.444445,28.41,0.02914999984204769,0.9016277343750002,0.0,0.0,0.15,0.85,0.9,0.0
15,24.19212532043457,24.166666,28.04,0.02914999984204769,0.8698263427734376,0.0,0.0,0.15,0.85,0.9,0.0
16,23.37201690673828,23.333334,27.72,0.05866999924182892,0.7096854492187501,0.0,0.0,0.15,0.85,0.7,-1.4562568684377766
17,23.60881805419922,23.61111,27.38,0.05866999924182892,0.4435962524414063,0.0,0.0,0.15,0.6,0.4,0.0
18,24.43802261352539,24.444445,26.83,0.05866999924182892,0.29939880981445316,0.0,0.20681988,0.0,0.0,-0.8,-3.2906068503507413
19,24.444168090820312,24.444445,26.0,0.02914999984204769,0.11473105773925783,0.0,0.0,0.0,0.0,-0.6,-5.661282344386564
20,24.444446563720703,24.444445,25.03,0.02914999984204769,0.0009473298311233522,0.0,0.20681873,0.0,0.0,-0.6,-7.608886105477723
21,24.44445037841797,24.444445,24.55,0.02914999984204769,0.0,0.0,0.2068197,0.0,0.0,-0.6,-8.518627254412422
22,24.4444522857666,24.444445,24.35,0.02914999984204769,0.0,0.0,1.0339183,0.0,-0.05,0.35,-8.971104011176067
23,24.4444522857666,24.444445,24.2,0.028929999098181725,0.0,0.0,0.4136338,0.0,0.6,0.35,-9.242544921613444
24,24.444459915161133,24.444445,24.07,0.028929999098181725,0.0,0.0,1.7175331,0.0,0.6,0.35,-9.418048366354924
1,23.314884185791016,23.277779,23.94,0.028929999098181725,0.0,0.0,0.20596245,0.0,0.6,0.35,-18.977884552965406
2,22.327272415161133,22.222221,23.8,0.028929999098181725,0.0,0.0,0.0,0.0,0.6,0.35,-30.125879079583683
3,22.226282119750977,22.222221,23.64,0.028929999098181725,0.0,0.0,0.0,0.0,0.6,0.35,-30.197738351358566
4,22.222240447998047,22.222221,23.54,0.028929999098181725,0.0,0.0,0.0,0.0,0.6,0.35,-30.29315197491087
5,22.22223663330078,22.222221,23.37,0.028929999098181725,0.0,0.0,0.0,0.0,0.6,0.35,-30.49435171432924
6,22.222238540649414,22.222221,23.33,0.028929999098181725,0.0,0.0,0.0,0.0,0.0,0.35,-29.92500330839539
7,22.222230911254883,22.222221,24.49,0.028929999098181725,0.07398163146972658,0.0,0.0,0.0,0.0,0.35,-31.974934195317473
8,22.27745246887207,22.277779,25.88,0.02914999984204769,0.2866835449218751,0.0,0.0,0.0,0.0,-0.6,-35.633058065377554
9,22.777645111083984,22.777779,28.13,0.02914999984204769,0.6504774902343751,0.0,0.0,0.3,0.0,-0.35,-0.09041786193847656
10,24.35131072998047,24.444445,30.69,0.02914999984204769,1.0499386962890627,0.0,0.0,0.3,0.85,-0.35,-1.4376103630857227
11,24.444393157958984,24.444445,32.51,0.02914999984204769,1.2190300048828127,0.0,0.0,0.3,0.85,0.9,-1.233282072625206
12,24.44445037841797,24.444445,33.93,0.02914999984204769,1.205617822265625,0.0,0.0,0.3,0.85,0.9,-0.7499599456787109
13,24.444454193115234,24.444445,34.97,0.02914999984204769,1.3380842285156251,0.0,0.0,0.3,0.85,0.9,-0.3782329559326172
14,24.73422622680664,24.777779,35.66,0.02914999984204769,1.3450034179687502,0.0,0.0,0.3,0.85,0.9,-0.41339111328125
15,24.961870193481445,25.0,35.9,0.02914999984204769,1.2307738769531251,0.0,0.41186813,0.3,0.85,0.9,-0.3710498809814453
16,24.787185668945312,24.777779,35.8,0.05866999924182892,1.0638264404296875,0.0,0.124139786,0.3,0.85,0.7,0.0
17,23.37973976135254,23.333334,35.16,0.05866999924182892,0.8109818115234376,0.0,0.0,0.3,0.6,0.7,-2.7665210134036897
18,23.77568817138672,23.777779,34.2,0.05866999924182892,0.4795411010742188,0.0,0.0,0.3,0.0,-0.65,-1.54858363830499
19,24.436607360839844,24.444445,32.49,0.02914999984204769,0.16394776611328127,0.0,2.4518125,0.15,-0.05,-0.6,-3.212186261520401
20,24.4443302154541,24.444445,29.4,0.02914999984204769,0.00620735034942627,0.0,0.41191497,0.0,0.0,-0.6,-12.483106504896568
21,24.444448471069336,24.444445,28.18,0.02914999984204769,0.0,0.0,0.0,0.0,0.0,-0.6,-16.13691886900051
22,24.44445037841797,24.444445,27.31,0.02914999984204769,0.0,0.0,0.82380545,0.0,-0.05,0.35,-19.029685545716347
23,24.4444522857666,24.444445,26.38,0.028929999098181725,0.0,0.0,0.20596339,0.0,0.6,0.35,-20.797561382500135
24,24.444454193115234,24.444445,25.65,0.028929999098181725,0.0,0.0,0.0,0.0,0.6,0.35,-22.096515907065623
1,23.372583389282227,23.277779,25.05,0.028929999098181725,0.0,0.0,0.0,0.0,0.6,0.35,-36.1496149655577
2,22.256635665893555,22.222221,24.58,0.028929999098181725,0.0,0.0,0.0,0.0,0.6,0.35,-51.755834970623255
3,22.223108291625977,22.222221,24.16,0.028929999098181725,0.0,0.0,0.0,0.0,0.6,0.35,-51.60895186528796
4,22.222339630126953,22.222221,23.78,0.028929999098181725,0.0,0.0,0.0,0.0,0.6,0.35,-50.91086843336234
5,22.222318649291992,22.222221,23.29,0.028929999098181725,0.0,0.0,0.0,0.0,0.6,0.35,-49.89771304944588
6,22.222244262695312,22.222221,22.93,0.028929999098181725,0.0,0.0,1.5117201,0.0,-0.05,0.35,-48.916242183200666
7,22.22223472595215,22.222221,24.74,0.028929999098181725,0.04412108917236329,0.0,0.0,0.0,0.0,0.35,-52.398955918397405
8,22.277421951293945,22.277779,27.04,0.02914999984204769,0.24395505981445317,0.0,0.0,0.0,0.0,-0.6,-58.72247683328169
9,22.775991439819336,22.777779,29.64,0.02914999984204769,0.6756279785156251,0.0,0.41025335,0.3,0.0,-0.35,-2.0383056270802626
10,24.378585815429688,24.444445,32.08,0.02914999984204769,1.0776084228515626,0.0,0.0,0.3,0.85,-0.35,0.0
11,24.444345474243164,24.444445,34.32,0.02914999984204769,1.3690760742187502,0.0,0.4102545,0.3,0.85,0.9,0.0
12,24.444448471069336,24.444445,36.16,0.02914999984204769,1.5644976562500004,0.0,1.7513958,0.3,0.85,0.9,0.0
13,24.444454193115234,24.444445,37.53,0.02914999984204769,1.5934998046875002,0.0,0.41021818,0.3,0.85,0.9,-1.767433845801861
14,25.104190826416016,25.11111,38.42,0.02914999984204769,1.5849292968750004,0.0,0.0,0.3,0.85,0.9,-1.1185541152954102
15,24.95513153076172,24.944445,38.73,0.02914999984204769,1.4880278320312503,0.0,0.0,0.3,0.85,0.9,-2.7536557904422807
16,23.47357749938965,23.333334,38.57,0.05866999924182892,1.3178400878906251,0.0,0.41024202,0.3,0.85,0.7,-12.548870576443733
17,23.72163963317871,23.722221,37.74,0.05866999924182892,1.0462981933593751,0.0,0.0,0.3,0.6,0.7,-10.899677670971869
18,24.433855056762695,24.444445,36.26,0.05866999924182892,0.6484132324218751,0.0,0.0,0.3,0.0,-0.5,-5.916253065282945
19,24.444263458251953,24.444445,34.1,0.02914999984204769,0.20718971557617188,0.0,0.0,0.15,0.0,-0.6,-11.67767358725905
20,24.44442367553711,24.444445,31.75,0.02914999984204769,0.0006293279170989991,0.0,0.0,0.15,0.0,-0.6,-8.857346990411315
21,24.44445037841797,24.444445,30.12,0.02914999984204769,0.0,0.0,0.6153711,0.15,-0.05,-0.6,-7.019223061510274
22,24.4444522857666,24.444445,28.95,0.02914999984204769,0.0,0.0,0.0,0.0,0.0,0.35,-17.959487389165588
23,24.4444522857666,24.444445,27.87,0.028929999098181725,0.0,0.0,0.0,0.0,0.6,0.35,-21.97914767518887
24,24.444454193115234,24.444445,26.89,0.028929999098181725,0.0,0.0,0.0,0.0,0.6,0.35,-25.238661218932975
1,23.4766902923584,23.38889,26.04,0.028929999098181725,0.0,0.0,0.0,0.0,0.6,0.35,-38.80994742248731
2,24.441429138183594,24.444445,25.34,0.028929999098181725,0.0,0.0,0.0,0.0,0.6,0.35,-26.772701525336743
3,24.44438934326172,24.444445,24.74,0.028929999098181725,0.0,0.0,0.0,0.0,0.6,0.35,-26.733279248877807
4,24.44445037841797,24.444445,24.21,0.028929999098181725,0.0,0.0,0.0,0.0,0.6,0.35,-26.411574849629687
5,24.44439697265625,24.444445,23.89,0.028929999098181725,0.0,0.0,0.0,0.0,0.6,0.35,-26.025725871764735
6,24.4444522857666,24.444445,23.81,0.028929999098181725,0.0,0.0,0.0,0.0,0.0,0.35,-25.78303384990795
7,24.44445037841797,24.444445,25.1,0.028929999098181725,0.07773279418945313,0.0,0.0,0.0,0.0,0.35,-28.946197028013557
8,23.085908889770508,23.055555,27.21,0.028929999098181725,0.30106217651367195,0.0,0.0,0.0,0.0,-0.5,-54.15649820442559
9,22.7997989654541,22.777779,29.58,0.028929999098181725,0.7393665527343751,0.0,0.0,0.3,0.0,-0.35,-4.222258047215291
10,24.152910232543945,24.166666,32.01,0.028929999098181725,1.1294761230468753,0.0,1.2487504,0.3,0.85,-0.35,0.0
11,24.442813873291016,24.444445,34.16,0.028929999098181725,1.4130363281250002,0.0,0.17811482,0.3,0.85,0.9,0.0
12,24.444429397583008,24.444445,35.86,0.028929999098181725,1.5897807128906252,0.0,0.0,0.3,0.85,0.9,-1.4542412754999532
13,24.44445037841797,24.444445,37.12,0.028929999098181725,1.6647312011718751,0.0,0.7648077,0.3,0.85,0.9,-2.3258914451616874
14,24.444454193115234,24.444445,37.83,0.028929999098181725,1.68870791015625,0.0,0.40856555,0.3,0.85,0.9,-3.830516313031694
15,24.44465446472168,24.444445,37.89,0.028929999098181725,1.6025727539062502,0.0,0.9161499,0.3,0.85,0.9,-5.310599849559367
16,24.444459915161133,24.444445,37.31,0.028929999098181725,1.3909855957031252,0.0,0.21534976,0.3,0.85,0.9,-5.9745823645243945
17,24.444448471069336,24.444445,36.21,0.028929999098181725,1.0853953125000002,0.0,0.47999957,0.3,0.6,0.9,-5.304351379923901
18,24.337736129760742,24.333334,34.55,0.028929999098181725,0.6033965698242189,0.0,0.24127004,0.3,0.0,-0.35,-4.291099669793766
19,23.89792251586914,23.88889,32.67,0.028929999098181725,0.17128540649414065,0.0,0.15139319,0.15,0.0,-0.6,-12.500809226199635
20,23.99825668334961,24.0,30.59,0.028929999098181725,0.0,0.0,0.6135724,0.15,-0.05,-0.6,-9.126359777616017
21,24.435853958129883,24.444445,29.04,0.028929999098181725,0.0,0.0,0.6637173,0.0,-0.05,-0.6,-16.82899576562704
22,24.443883895874023,24.444445,27.86,0.028929999098181725,0.0,0.0,0.48772374,0.0,0.0,0.35,-19.51142071863069
23,22.381807327270508,22.222221,26.82,0.028929999098181725,0.0,0.0,0.0,0.0,0.6,0.35,-48.47223113467044
24,22.223953247070312,22.222221,26.04,0.028929999098181725,0.0,0.0,0.0,0.0,0.6,0.35,-49.285655285362736
1,23.221786499023438,23.277779,25.54,0.028929999098181725,0.0,0.0,0.0,0.0,0.6,0.35,-33.89393536154239
2,22.242517471313477,22.222221,25.23,0.028929999098181725,0.0,0.0,0.0,0.0,0.6,0.35,-46.70803508028621
3,23.6645450592041,23.666666,25.04,0.028929999098181725,0.0,0.0,0.0,0.0,0.6,0.35,-27.553548586092802
4,23.88650894165039,23.88889,24.9,0.028929999098181725,0.0,0.0,0.0,0.0,0.6,0.35,-24.39966691263544
5,22.52041244506836,22.444445,24.73,0.028929999098181725,0.0,0.0,0.0,0.0,0.6,0.35,-40.06257276109318
6,22.226985931396484,22.222221,24.6,0.028929999098181725,0.0,0.0,0.0,0.0,0.0,0.35,-41.237881820547045
7,22.22258186340332,22.222221,25.51,0.028929999098181725,0.07413896026611329,0.0,0.0,0.0,0.0,0.35,-42.786731874002726
8,22.277137756347656,22.277779,27.4,0.028929999098181725,0.30147482299804695,0.0,0.0,0.15,0.0,-0.5,-14.401460990324267
9,24.330095291137695,24.444445,29.29,0.028929999098181725,0.7437142089843751,0.0,0.0,0.15,0.0,-0.35,-3.1421113766882627
10,24.444290161132812,24.444445,31.17,0.028929999098181725,1.1339609619140627,0.0,0.0,0.3,0.85,-0.35,0.0
11,24.444448471069336,24.444445,32.75,0.028929999098181725,1.4344554199218753,0.0,0.0,0.3,0.85,0.9,0.0
12,24.44445037841797,24.444445,34.07,0.028929999098181725,1.6158610839843752,0.0,0.16982011,0.3,0.85,0.9,0.0
13,24.4444522857666,24.444445,35.8,0.028929999098181725,1.6406704101562501,0.0,0.4982875,0.3,0.85,0.9,0.0
14,25.35903549194336,25.444445,36.82,0.028929999098181725,1.5433681640625003,0.0,0.3351346,0.3,0.85,0.9,0.0
15,26.65265464782715,26.666666,37.01,0.028929999098181725,1.5569731933593753,0.0,0.052610572,0.3,0.85,0.9,-0.6052608489990234
16,24.41534996032715,24.222221,36.56,0.028929999098181725,1.3310327636718753,0.0,0.13171582,0.3,0.85,0.9,-4.19236809843278
17,23.38170051574707,23.333334,35.34,0.028929999098181725,1.0027346923828127,0.0,0.2596617,0.3,0.6,0.9,-7.867598708777223
18,24.051982879638672,24.055555,33.85,0.028929999098181725,0.6178386474609376,0.0,0.4070299,0.3,0.0,-0.35,-3.358470376002515
19,24.4291934967041,24.444445,31.98,0.028929999098181725,0.20497029418945314,0.0,0.0,0.15,0.0,-0.6,-5.699094354498811
20,24.283245086669922,24.277779,30.03,0.028929999098181725,0.00504462947845459,0.0,0.0,0.15,0.0,-0.6,-4.427000988016516
21,23.90044403076172,23.88889,28.71,0.028929999098181725,0.0,0.0,0.0,0.0,0.0,-0.6,-16.29538776645495
22,24.052318572998047,24.055555,27.68,0.028929999098181725,0.0,0.0,0.2035148,0.0,0.0,0.35,-16.81231796625434
23,24.41341781616211,24.444445,26.75,0.028929999098181725,0.0,0.0,1.4609622,0.0,0.6,0.35,-14.723475687878818
24,24.44367790222168,24.444445,26.01,0.028929999098181725,0.0,0.0,0.0,0.0,0.6,0.35,-14.880512852050742
1,23.375961303710938,23.277779,25.61,0.028929999098181725,0.0,0.0,0.0,0.0,0.6,0.35,-25.33274969604099
2,22.461441040039062,22.38889,25.46,0.028929999098181725,0.0,0.0,0.0,0.0,0.6,0.35,-34.443945944309235
3,23.320899963378906,23.333334,25.35,0.028929999098181725,0.0,0.0,0.0,0.0,0.6,0.35,-23.368714209358586
4,23.16984748840332,23.166666,25.3,0.028929999098181725,0.0,0.0,0.0,0.0,0.6,0.35,-24.50294185837629
5,22.302799224853516,22.222221,25.21,0.028929999098181725,0.0,0.0,0.0,0.0,0.6,0.35,-34.15331529791365
6,22.224424362182617,22.222221,25.11,0.028929999098181725,0.0,0.0,2.794281,0.0,-0.05,0.35,-33.07574977079639
7,22.22223663330078,22.222221,25.61,0.028929999098181725,0.0440760223388672,0.0,0.9334254,0.0,-0.05,0.35,-31.839613466730952
8,22.276569366455078,22.277779,26.56,0.02914999984204769,0.1933137634277344,0.0,0.0,0.0,0.0,-0.6,-31.878262635567808
9,22.773969650268555,22.777779,27.84,0.02914999984204769,0.4830374633789063,0.0,0.0,0.3,0.0,-0.5,-0.18163299560546875
10,24.364717483520508,24.444445,29.19,0.02914999984204769,0.9004763671875001,0.0,0.0,0.15,0.85,-0.35,-0.4065532684326172
11,24.444305419921875,24.444445,30.76,0.02914999984204769,1.099843359375,0.0,0.0,0.3,0.85,0.9,-4.235756332191478
12,24.444448471069336,24.444445,32.12,0.02914999984204769,1.2089685791015627,0.0,0.0,0.3,0.85,0.9,-1.9723026374970225
13,24.4444522857666,24.444445,33.37,0.02914999984204769,1.3282727050781253,0.0,0.0,0.3,0.85,0.9,-1.1597055451057656
14,24.4444580078125,24.444445,33.96,0.02914999984204769,1.2210691406250003,0.0,0.0,0.3,0.85,0.9,-0.7408962249755859
15,24.444576263427734,24.444445,34.01,0.02914999984204769,1.1795091796875001,0.0,0.0,0.3,0.85,0.9,-0.5339679718017578
16,24.4444580078125,24.444445,33.62,0.05866999924182892,1.0201653808593751,0.0,0.0,0.3,0.85,0.7,-0.5121326446533203
17,24.444509506225586,24.444445,32.92,0.05866999924182892,0.7960651611328126,0.0,0.4053736,0.3,0.6,0.7,-0.5710105895996094
18,25.432527542114258,25.444445,32.09,0.05866999924182892,0.50727802734375,0.0,0.0,0.3,0.0,-0.65,-4.892447134272345
19,26.37642478942871,26.38889,30.95,0.02914999984204769,0.16663538818359377,0.0,0.0,0.0,0.0,-0.6,-0.23169326782226562
20,24.567516326904297,24.444445,29.22,0.02914999984204769,0.005724769020080568,0.0,1.6924322,0.0,-0.05,-0.6,-6.634686386041722
21,24.44512176513672,24.444445,27.99,0.02914999984204769,0.0,0.0,0.0,0.0,0.0,-0.6,-9.239297970521875
22,24.44449234008789,24.444445,27.18,0.02914999984204769,0.0,0.0,0.9345119,0.0,-0.05,0.35,-10.35123060312253
23,24.4444522857666,24.444445,26.48,0.028929999098181725,0.0,0.0,1.013662,0.0,0.6,0.35,-10.607837586288952
24,24.444456100463867,24.444445,25.9,0.028929999098181725,0.0,0.0,0.0,0.0,0.6,0.35,-10.486280158980662
1,23.425355911254883,23.333334,25.51,0.028929999098181725,0.0,0.0,0.0,0.0,0.6,0.35,-19.119018456785852
2,22.277389526367188,22.222221,25.2,0.028929999098181725,0.0,0.0,0.0,0.0,0.6,0.35,-29.874107474985067
3,22.223739624023438,22.222221,24.95,0.028929999098181725,0.0,0.0,0.0,0.0,0.6,0.35,-29.516272357446724
4,22.22243309020996,22.222221,24.75,0.028929999098181725,0.0,0.0,0.0,0.0,0.6,0.35,-29.093580193297385
5,22.222423553466797,22.222221,24.54,0.028929999098181725,0.0,0.0,0.93788064,0.0,0.6,0.35,-28.693508876036503
6,22.22224998474121,22.222221,24.42,0.028929999098181725,0.0,0.0,0.5569717,0.0,0.0,0.35,-28.24827775452286
7,22.222232818603516,22.222221,25.18,0.028929999098181725,0.05905165557861329,0.0,0.13263245,0.0,0.0,0.35,-29.125502152601257
8,22.22222900390625,22.222221,26.26,0.02914999984204769,0.2797170959472656,0.0,0.5528947,0.0,0.0,-0.6,-32.515519153912464
9,22.775636672973633,22.777779,28.01,0.02914999984204769,0.7122771972656251,0.0,0.0,0.3,0.0,-0.35,-0.027853012084960938
10,24.37291145324707,24.444445,29.9,0.02914999984204769,1.0485013916015626,0.0,0.20198524,0.3,0.85,-0.35,-2.1395124300572017
11,24.444339752197266,24.444445,31.94,0.02914999984204769,1.3426797363281253,0.0,0.40397036,0.3,0.85,0.9,-2.102785411680184
12,24.444448471069336,24.444445,33.56,0.02914999984204769,1.4688373535156252,0.0,0.20198523,0.3,0.85,0.9,-0.9433498382568359
13,24.44445037841797,24.444445,34.74,0.02914999984204769,1.4621705566406251,0.0,0.0,0.3,0.85,0.9,-0.7516117095947266
14,24.444456100463867,24.444445,35.33,0.02914999984204769,1.4417915039062503,0.0,0.20198037,0.3,0.85,0.9,-0.4130287170410156
15,24.444456100463867,24.444445,35.53,0.02914999984204769,1.4128163085937502,0.0,0.0,0.3,0.85,0.9,-0.06990242004394531
16,24.149581909179688,24.11111,35.37,0.05866999924182892,1.2582613769531252,0.0,0.0,0.3,0.85,0.7,0.0
17,23.8970947265625,23.88889,34.88,0.05866999924182892,1.0091263916015627,0.0,0.0,0.3,0.6,0.7,0.0
18,24.435955047607422,24.444445,34.12,0.05866999924182892,0.615702978515625,0.0,0.40396875,0.3,0.0,-0.5,0.0
19,25.159894943237305,25.166666,32.56,0.02914999984204769,0.1810267272949219,0.0,0.0,0.15,0.0,-0.6,0.0
20,24.469022750854492,24.444445,30.49,0.02914999984204769,0.0031592694282531744,0.0,0.20198503,0.15,0.0,-0.6,-1.4894502981369442
21,24.44476318359375,24.444445,29.46,0.02914999984204769,0.0,0.0,0.807925,0.15,-0.05,-0.6,-1.049881437302247
22,24.4444580078125,24.444445,28.37,0.02914999984204769,0.0,0.0,0.0,0.0,0.0,0.35,-6.739585900217207
23,24.4444522857666,24.444445,27.42,0.028929999098181725,0.0,0.0,0.0,0.0,0.6,0.35,-8.609699220545735
24,22.90420150756836,22.777779,26.54,0.028929999098181725,0.0,0.0,0.0,0.0,0.6,0.35,-23.65773838106543
1,23.329998016357422,23.333334,25.76,0.028929999098181725,0.0,0.0,0.0,0.0,0.6,0.35,-19.347359851948568
2,22.331085205078125,22.222221,25.09,0.028929999098181725,0.0,0.0,0.0,0.0,0.6,0.35,-30.865975393771805
3,22.226675033569336,22.222221,24.46,0.028929999098181725,0.0,0.0,0.0,0.0,0.6,0.35,-30.88418318553886
4,22.222749710083008,22.222221,23.94,0.028929999098181725,0.0,0.0,0.0,0.0,0.6,0.35,-30.69647102455201
5,22.222314834594727,22.222221,23.77,0.028929999098181725,0.0,0.0,0.0,0.0,0.6,0.35,-30.79245702602202
6,22.22224235534668,22.222221,23.76,0.028929999098181725,0.0,0.0,0.0,0.0,0.0,0.35,-31.05647895754373
7,22.222232818603516,22.222221,25.0,0.028929999098181725,0.0661264114379883,0.0,0.0,0.0,0.0,0.35,-33.92347922758199
8,22.22222900390625,22.222221,27.06,0.02914999984204769,0.28839922485351566,0.0,0.20125175,0.0,0.0,-0.6,-40.2406715540601
9,22.77484703063965,22.777779,29.44,0.02914999984204769,0.7289150390625001,0.0,0.0,0.3,0.0,-0.35,0.0
10,24.381359100341797,24.444445,31.88,0.02914999984204769,1.1190952148437503,0.0,0.0,0.3,0.85,-0.35,-0.5348033905029297
11,24.444355010986328,24.444445,34.1,0.02914999984204769,1.3976118164062503,0.0,0.0,0.3,0.85,0.9,-0.28334617614746094
12,24.444448471069336,24.444445,35.81,0.02914999984204769,1.5642761718750002,0.0,0.0,0.3,0.85,0.9,0.0
13,26.29932975769043,26.38889,37.03,0.02914999984204769,1.6283979492187501,0.0,0.0,0.3,0.85,0.9,-1.8845285441740685
14,26.666526794433594,26.666666,37.82,0.02914999984204769,1.6468532226562502,0.0,0.0,0.3,0.85,0.9,-0.9727725982666016
15,25.09041976928711,25.0,38.27,0.02914999984204769,1.568393994140625,0.0,0.40249294,0.3,0.85,0.9,-1.540500426563085
16,24.46242904663086,24.444445,38.35,0.05866999924182892,1.3667206054687502,0.0,0.20125179,0.3,0.85,0.7,-4.725221899661847
17,24.444660186767578,24.444445,37.98,0.05866999924182892,1.0782273925781252,0.0,0.0,0.3,0.6,0.7,-5.7000779249974585
18,26.617496490478516,26.666666,37.01,0.05866999924182892,0.6791094726562501,0.0,0.40250298,0.3,0.0,-0.5,0.0
19,26.053363800048828,26.0,35.2,0.02914999984204769,0.2179573425292969,0.0,0.20124929,0.15,0.0,-0.6,-3.827881263801828
20,23.429271697998047,23.333334,32.1,0.02914999984204769,0.0009340385198593141,0.0,0.0,0.15,0.0,-0.6,-17.186705743693892
21,24.444387435913086,24.444445,30.35,0.02914999984204769,0.0,0.0,0.22271876,0.15,0.0,-0.6,-7.723293119928712
22,24.44445037841797,24.444445,29.03,0.02914999984204769,0.0,0.0,0.0,0.0,0.0,0.35,-19.61163914428107
23,24.4444522857666,24.444445,28.01,0.028929999098181725,0.0,0.0,0.0,0.0,0.6,0.35,-23.791053417666262
24,22.379770278930664,22.222221,27.13,0.028929999098181725,0.0,0.0,0.0,0.0,0.6,0.35,-56.17397971219907
1,23.331933975219727,23.333334,26.35,0.028929999098181725,0.0,0.0,0.0,0.0,0.6,0.35,-42.879930375380354
2,22.297927856445312,22.222221,25.63,0.028929999098181725,0.0,0.0,0.0,0.0,0.6,0.35,-60.963830340318964
3,22.228527069091797,22.222221,24.95,0.028929999098181725,0.0,0.0,0.0,0.0,0.6,0.35,-61.302357651351485
4,22.22270393371582,22.222221,24.36,0.028929999098181725,0.0,0.0,0.0,0.0,0.6,0.35,-60.72774591878988
5,22.2222843170166,22.222221,23.88,0.028929999098181725,0.0,0.0,0.0,0.0,0.6,0.35,-59.968405411578715
6,22.22206687927246,22.222221,23.9,0.028929999098181725,0.0,0.0,0.0,0.0,0.0,0.35,-59.96385622433445
7,22.222225189208984,22.222221,25.5,0.028929999098181725,0.06435518188476563,0.0,1.2859157,0.0,-0.05,0.35,-65.94999514812662
8,22.222230911254883,22.222221,27.56,0.02914999984204769,0.27265891113281254,0.0,0.0,0.15,0.0,-0.6,-26.65286751842723
9,22.222227096557617,22.222221,30.04,0.02914999984204769,0.7214392822265626,0.0,0.0,0.3,0.0,-0.35,-8.040789044011035
10,24.353069305419922,24.444445,32.5,0.02914999984204769,1.1047762939453127,0.0,0.0,0.3,0.85,-0.35,0.0
11,24.444355010986328,24.444445,34.66,0.02914999984204769,1.3708668457031252,0.0,0.0,0.3,0.85,0.9,0.0
12,22.272981643676758,22.222221,36.4,0.02914999984204769,1.5237303222656253,0.0,0.82617104,0.3,0.85,0.9,-10.512521876080427
13,24.43717384338379,24.444445,37.71,0.02914999984204769,1.5889234863281252,0.0,0.26806012,0.3,0.85,0.9,-2.1424325110601785
14,24.444393157958984,24.444445,38.59,0.02914999984204769,1.5239806640625002,0.0,0.0,0.3,0.85,0.9,-3.448266124647489
15,24.444442749023438,24.444445,38.98,0.02914999984204769,1.5229299316406253,0.0,0.7881785,0.3,0.85,0.9,-5.246454348965926
16,24.444448471069336,24.444445,38.86,0.05866999924182892,1.281688330078125,0.0,0.0,0.3,0.85,0.7,-6.667949182505254
17,24.44445037841797,24.444445,38.14,0.05866999924182892,1.0056292236328126,0.0,0.0,0.3,0.6,0.7,-7.860677373104409
18,24.444448471069336,24.444445,36.8,0.05866999924182892,0.6441363281250001,0.0,0.0,0.3,0.0,-0.5,-7.989274421765003
19,24.444448471069336,24.444445,34.76,0.02914999984204769,0.21441716308593756,0.0,0.0,0.15,0.0,-0.6,-15.65086670243545
20,24.444448471069336,24.444445,32.25,0.02914999984204769,0.001850769424438477,0.0,1.4454218,0.15,-0.05,-0.6,-12.650493030992948
21,24.444448471069336,24.444445,30.37,0.02914999984204769,0.0,0.0,0.08673763,0.15,0.0,-0.6,-10.413598231712967
22,24.4444522857666,24.444445,29.07,0.02914999984204769,0.0,0.0,0.40106687,0.0,0.0,0.35,-24.134534004497255
23,24.4444522857666,24.444445,27.98,0.028929999098181725,0.0,0.0,0.0,0.0,0.6,0.35,-28.72050844642581
24,24.444456100463867,24.444445,27.03,0.028929999098181725,0.0,0.0,0.0,0.0,0.6,0.35,-32.482942354141414
1,23.427757263183594,23.333334,26.23,0.028929999098181725,0.0,0.0,0.0,0.0,0.6,0.35,-50.343399926441634
2,22.267484664916992,22.222221,25.7,0.028929999098181725,0.0,0.0,0.0,0.0,0.6,0.35,-72.26634308719076
3,22.223495483398438,22.222221,25.4,0.028929999098181725,0.0,0.0,1.2675964,0.0,0.6,0.35,-73.87988224347646
4,22.222408294677734,22.222221,25.18,0.028929999098181725,0.0,0.0,0.0,0.0,0.6,0.35,-73.72769033863733
5,22.222238540649414,22.222221,24.9,0.028929999098181725,0.0,0.0,0.0,0.0,0.6,0.35,-72.95292289009376
6,22.22223663330078,22.222221,24.73,0.028929999098181725,0.0,0.0,0.0,0.0,0.0,0.35,-72.29241802828619
7,22.222232818603516,22.222221,25.94,0.028929999098181725,0.05789234619140626,0.0,0.6257059,0.0,-0.05,0.35,-78.49035037624708
8,22.222230911254883,22.222221,28.09,0.02914999984204769,0.23360452880859378,0.0,0.0,0.15,0.0,-0.6,-32.631061134758056
9,22.773908615112305,22.777779,30.4,0.02914999984204769,0.5959676513671877,0.0,0.0,0.3,0.0,-0.5,-6.699655993001215
10,24.397077560424805,24.444445,32.62,0.02914999984204769,0.8909460205078126,0.0,0.8381653,0.3,0.85,-0.35,0.0
11,22.798059463500977,22.777779,34.62,0.02914999984204769,1.292881494140625,0.0,0.0,0.3,0.85,0.9,-6.4690378352679545
12,24.398868560791016,24.444445,36.34,0.02914999984204769,1.3956354492187502,0.0,0.780359,0.3,0.85,0.9,-1.4226638828731666
13,22.280620574951172,22.222221,37.59,0.02914999984204769,1.5922048828125002,0.0,0.0,0.3,0.85,0.9,-13.796634916929179
14,24.43140411376953,24.444445,38.44,0.02914999984204769,1.58147109375,0.0,0.0,0.3,0.85,0.9,-3.81484627869213
15,24.44426727294922,24.444445,38.69,0.02914999984204769,1.4352666503906253,0.0,0.0,0.3,0.85,0.9,-5.0208465699142835
16,24.44443130493164,24.444445,38.5,0.05866999924182892,1.3315757812500002,0.0,0.0,0.3,0.85,0.7,-6.333350625067396
17,24.444448471069336,24.444445,37.64,0.05866999924182892,1.0047166259765627,0.0,0.0,0.3,0.6,0.7,-6.7199719976961205
18,25.93692398071289,25.944445,36.0,0.05866999924182892,0.5965774291992189,0.0,0.39969677,0.3,0.0,-0.65,0.0
19,26.422685623168945,26.444445,33.82,0.02914999984204769,0.19861045532226568,0.0,0.0,0.15,0.0,-0.6,-2.1907882191044337
20,24.52586555480957,24.444445,31.5,0.02914999984204769,0.004815871238708497,0.0,0.47661874,0.15,0.0,-0.6,-10.626880221538158
21,24.445144653320312,24.444445,29.83,0.02914999984204769,0.0,0.0,0.0,0.15,0.0,-0.6,-8.535336196397111
22,22.37229347229004,22.222221,28.58,0.02914999984204769,0.0,0.0,0.0,0.15,0.0,0.35,-22.43717669394391
23,21.175289154052734,21.11111,27.54,0.028929999098181725,0.0,0.0,0.19984905,0.15,0.6,0.35,-28.553707156330347
24,21.65528678894043,21.666666,26.71,0.028929999098181725,0.0,0.0,0.0,0.15,0.6,0.35,-17.963464486270823
1,23.31932258605957,23.333334,26.08,0.028929999098181725,0.0,0.0,0.0,0.0,0.6,0.35,-17.319677519935794
2,23.721250534057617,23.722221,25.72,0.028929999098181725,0.0,0.0,0.0,0.0,0.6,0.35,-17.950193046257482
3,24.4382266998291,24.444445,25.58,0.028929999098181725,0.0,0.0,0.0,0.0,0.6,0.35,-14.531622386220988
4,24.444257736206055,24.444445,25.43,0.028929999098181725,0.0,0.0,0.0,0.0,0.6,0.35,-15.89712330024122
5,24.44444465637207,24.444445,25.25,0.028929999098181725,0.0,0.0,0.0,0.0,0.6,0.35,-16.834473393919325
6,24.44436264038086,24.444445,25.09,0.028929999098181725,0.0,0.0,0.0,0.0,0.0,0.35,-17.53226506707506
7,24.444448471069336,24.444445,26.12,0.028929999098181725,0.07092797241210938,0.0,0.0,0.0,0.0,0.35,-19.87310240717852
8,24.44445037841797,24.444445,28.0,0.028929999098181725,0.3086861938476563,0.0,1.1390791,0.0,-0.05,-0.5,-24.444741528805025
9,24.444454193115234,24.444445,30.24,0.028929999098181725,0.7125468017578127,0.0,0.0,0.3,0.0,-0.35,0.0
10,24.444448471069336,24.444445,32.59,0.028929999098181725,1.0990943847656252,0.0,1.4451808,0.3,0.85,-0.35,0.0
11,24.44445037841797,24.444445,34.78,0.028929999098181725,1.3854133300781253,0.0,1.074442,0.3,0.85,0.9,0.0
12,24.444448471069336,24.444445,36.65,0.028929999098181725,1.5192333984375002,0.0,0.0,0.3,0.85,0.9,-1.9027345348185918
13,24.444448471069336,24.444445,38.1,0.028929999098181725,1.6133418457031252,0.0,0.0,0.3,0.85,0.9,-3.2531048077544256
14,24.44445037841797,24.444445,39.04,0.028929999098181725,1.6009791503906252,0.0,0.19917957,0.3,0.85,0.9,-4.941091115648305
15,24.44445037841797,24.444445,39.38,0.028929999098181725,1.4208036621093751,0.0,0.39832872,0.3,0.85,0.9,-6.755896466438571
16,24.444448471069336,24.444445,39.06,0.028929999098181725,1.1515256103515625,0.0,0.0,0.3,0.85,0.9,-7.635036003557616
17,24.444448471069336,24.444445,38.12,0.028929999098181725,0.8580509765625002,0.0,0.0,0.3,0.6,0.9,-7.441810587191867
18,24.444446563720703,24.444445,36.6,0.028929999098181725,0.5076368774414063,0.0,0.19917998,0.3,0.0,-0.5,-6.600320863832167
19,25.047203063964844,25.055555,34.52,0.028929999098181725,0.18798002929687502,0.0,0.0,0.15,0.0,-0.6,-9.081080077481602
20,24.468618392944336,24.444445,31.98,0.028929999098181725,0.005307669639587403,0.0,0.39835438,0.15,0.0,-0.6,-11.066578963949723
21,24.44485855102539,24.444445,29.92,0.028929999098181725,0.0,0.0,0.19918,0.15,0.0,-0.6,-8.65138824956739
22,24.4444637298584,24.444445,28.48,0.028929999098181725,0.0,0.0,0.0,0.0,0.0,0.35,-21.99474531962551
23,24.4444522857666,24.444445,27.27,0.028929999098181725,0.0,0.0,0.0,0.0,0.6,0.35,-26.359060742837755
